{
    "事件": 0.05188,
    "ホームズ": 0.04435,
    "朝": 0.03133,
    "依頼": 0.02886,
    "お礼": 0.02817,
    "早い": 0.02768,
    "僕": 0.02671,
    "わたくし": 0.02529,
    "不思議だ": 0.02349,
    "シャー": 0.02309,
    "ロック": 0.02309,
    "ある": 0.02211,
    "なる": 0.02211,
    "友人": 0.02145,
    "ない": 0.02075,
    "致す": 0.01886,
    "婦人": 0.01882,
    "今朝": 0.01882,
    "自由だ": 0.01878,
    "ハドソン": 0.01878,
    "たたき起こす": 0.01878,
    "友": 0.01878,
    "いらっしゃる": 0.01878,
    "着く": 0.01878,
    "乗る": 0.01878,
    "泥": 0.01878,
    "かける": 0.01781,
    "よい": 0.01732,
    "言う": 0.01686,
    "ワトソン": 0.01609,
    "顔": 0.01609,
    "いう": 0.016,
    "調査": 0.01566,
    "かかわる": 0.01566,
    "約束": 0.01566,
    "気の毒だ": 0.01566,
    "若い": 0.01566,
    "女性": 0.01566,
    "二輪": 0.01566,
    "思い出す": 0.01566,
    "助ける": 0.01566,
    "つく": 0.01505,
    "考える": 0.01415,
    "声": 0.01415,
    "眠る": 0.01384,
    "暖炉": 0.01384,
    "居間": 0.01384,
    "服": 0.01384,
    "ふるえる": 0.01384,
    "駅": 0.01384,
    "できる": 0.01264,
    "の": 0.01263,
    "深い": 0.01255,
    "ございます": 0.01255,
    "君": 0.01154,
    "わかる": 0.01154,
    "馬車": 0.01154,
    "いただく": 0.01154,
    "死": 0.01072,
    "込む": 0.01072,
    "ほど": 0.01072,
    "身": 0.01072,
    "くださる": 0.01072,
    "立つ": 0.01003,
    "同じだ": 0.01003,
    "あいだ": 0.01003,
    "覚え書き": 0.00939,
    "七〇": 0.00939,
    "通ずる": 0.00939,
    "手際": 0.00939,
    "喜劇": 0.00939,
    "大半": 0.00939,
    "変哲": 0.00939,
    "一蹴": 0.00939,
    "途方": 0.00939,
    "様々だ": 0.00939,
    "奇怪だ": 0.00939,
    "きわまる": 0.00939,
    "有名だ": 0.00939,
    "くだん": 0.00939,
    "ベイカ": 0.00939,
    "街": 0.00939,
    "下宿": 0.00939,
    "共用": 0.00939,
    "公表": 0.00939,
    "口外": 0.00939,
    "先日": 0.00939,
    "白日": 0.00939,
    "さらす": 0.00939,
    "理由": 0.00939,
    "風聞": 0.00939,
    "真実だ": 0.00939,
    "しく": 0.00939,
    "ねじ曲げる": 0.00939,
    "八三": 0.00939,
    "初め": 0.00939,
    "身支度": 0.00939,
    "調える": 0.00939,
    "枕元": 0.00939,
    "普段": 0.00939,
    "置き": 0.00939,
    "一五": 0.00939,
    "ぱち": 0.00939,
    "くり": 0.00939,
    "機嫌": 0.00939,
    "具合": 0.00939,
    "やってくる": 0.00939,
    "僕は君": 0.00939,
    "火事": 0.00939,
    "興奮": 0.00939,
    "面会": 0.00939,
    "都会": 0.00939,
    "ほる": 0.00939,
    "差し迫る": 0.00939,
    "本当だ": 0.00939,
    "逃す": 0.00939,
    "立ち会う": 0.00939,
    "楽しみ": 0.00939,
    "迅速だ": 0.00939,
    "当てずっぽうだ": 0.00939,
    "論拠": 0.00939,
    "のち": 0.00939,
    "厚い": 0.00939,
    "夫人": 0.00939,
    "窓際": 0.00939,
    "朗らかだ": 0.00939,
    "助手": 0.00939,
    "おっと": 0.00939,
    "熱い": 0.00939,
    "コーヒー": 0.00939,
    "こわい": 0.00939,
    "おそろしい": 0.00939,
    "あげる": 0.00939,
    "きる": 0.00939,
    "やつれる": 0.00939,
    "血の気": 0.00939,
    "およぐ": 0.00939,
    "狙う": 0.00939,
    "獲物": 0.00939,
    "顔つき": 0.00939,
    "体つき": 0.00939,
    "三十": 0.00939,
    "まじる": 0.00939,
    "憔悴": 0.00939,
    "見てとれる": 0.00939,
    "やさしい": 0.00939,
    "乗り出す": 0.00939,
    "解決": 0.00939,
    "手袋": 0.00939,
    "復路": 0.00939,
    "切符": 0.00939,
    "出立": 0.00939,
    "ぬかるむ": 0.00939,
    "ほほえむ": 0.00939,
    "上着": 0.00939,
    "左袖": 0.00939,
    "跳ね": 0.00939,
    "揚げる": 0.00939,
    "乗り物": 0.00939,
    "おっしゃる": 0.00939,
    "二〇": 0.00939,
    "始発": 0.00939,
    "耐える": 0.00939,
    "おかしい": 0.00939,
    "頼れる": 0.00939,
    "心配": 0.00939,
    "ファリントッシュ": 0.00939,
    "うかがう": 0.00939,
    "住所": 0.00939,
    "取り巻く": 0.00939,
    "十分だ": 0.00939,
    "相応だ": 0.00939,
    "錠": 0.00939,
    "取り出す": 0.00939,
    "めくる": 0.00939,
    "ファリン": 0.00939,
    "トッシュ": 0.00939,
    "オパール": 0.00939,
    "髪飾": 0.00939,
    "知り合う": 0.00939,
    "断言": 0.00939,
    "最大だ": 0.00939,
    "限": 0.00939,
    "助力": 0.00939,
    "報酬": 0.00939,
    "支払う": 0.00939,
    "つける": 0.0089,
    "椅子": 0.00843,
    "悲劇": 0.00783,
    "普通だ": 0.00783,
    "好きだ": 0.00783,
    "得る": 0.00783,
    "付き合う": 0.00783,
    "交わす": 0.00783,
    "迎える": 0.00783,
    "覚ます": 0.00783,
    "遅い": 0.00783,
    "時計": 0.00783,
    "何ごと": 0.00783,
    "向く": 0.00783,
    "起きる": 0.00783,
    "事情": 0.00783,
    "面白い": 0.00783,
    "決める": 0.00783,
    "驚く": 0.00783,
    "思える": 0.00783,
    "問題": 0.00783,
    "解き明かす": 0.00783,
    "挨拶": 0.00783,
    "同様だ": 0.00783,
    "利く": 0.00783,
    "いかがだ": 0.00783,
    "寒い": 0.00783,
    "動揺": 0.00783,
    "向ける": 0.00783,
    "差し上げる": 0.00783,
    "通る": 0.00783,
    "限る": 0.00783,
    "ウォータルー": 0.00783,
    "なれる": 0.00783,
    "金額": 0.00783,
    "任せる": 0.00783,
    "役立つ": 0.00783,
    "ロイロット": 0.00761,
    "見る": 0.00725,
    "博士": 0.00725,
    "変わる": 0.00692,
    "仕事": 0.00692,
    "受ける": 0.00692,
    "サリィ": 0.00692,
    "州": 0.00692,
    "住む": 0.00692,
    "始める": 0.00692,
    "当時": 0.00692,
    "広がる": 0.00692,
    "悪い": 0.00692,
    "他人": 0.00692,
    "心": 0.00692,
    "推理": 0.00692,
    "大急ぎだ": 0.00692,
    "一緒だ": 0.00692,
    "黒い": 0.00692,
    "包む": 0.00692,
    "寄せる": 0.00692,
    "白い": 0.00692,
    "安心": 0.00692,
    "腕": 0.00692,
    "御者": 0.00692,
    "腰": 0.00692,
    "教える": 0.00692,
    "闇": 0.00692,
    "机": 0.00692,
    "外す": 0.00692,
    "知る": 0.00627,
    "よる": 0.00627,
    "回る": 0.00627,
    "まえ": 0.00627,
    "歩く": 0.00627,
    "とる": 0.00627,
    "感じる": 0.00627,
    "結果": 0.00627,
    "汽車": 0.00627,
    "下ろす": 0.00627,
    "通り": 0.00627,
    "レザヘッド": 0.00627,
    "まいる": 0.00627,
    "願い": 0.00627,
    "起こる": 0.00577,
    "結構だ": 0.00577,
    "置く": 0.00577,
    "見つめる": 0.00577,
    "説明": 0.00577,
    "ふた": 0.00577,
    "結婚": 0.00577,
    "戸": 0.00536,
    "来る": 0.00536,
    "待つ": 0.00536,
    "上がる": 0.00536,
    "言葉": 0.00536,
    "おる": 0.00536,
    "光": 0.00536,
    "行く": 0.00536,
    "ストーク": 0.00502,
    "モラン": 0.00502,
    "しれる": 0.00502,
    "グリムズビ": 0.00502,
    "持つ": 0.00502,
    "低い": 0.00502,
    "申す": 0.00502,
    "音": 0.00472,
    "頭": 0.00472,
    "見える": 0.00472,
    "入る": 0.00421,
    "出る": 0.004,
    "思う": 0.0038
}