{
    "母": 0.07161,
    "父": 0.04587,
    "一族": 0.04293,
    "朝": 0.03133,
    "西": 0.02862,
    "開業": 0.02862,
    "内地": 0.02862,
    "代々": 0.02862,
    "生活": 0.02862,
    "血筋": 0.02862,
    "お礼": 0.02817,
    "早い": 0.02768,
    "僕": 0.02671,
    "戻る": 0.02452,
    "義理": 0.02387,
    "地所": 0.02387,
    "村人": 0.02387,
    "不思議だ": 0.02349,
    "シャー": 0.02309,
    "ロック": 0.02309,
    "友人": 0.02145,
    "いたす": 0.01912,
    "婦人": 0.01882,
    "今朝": 0.01882,
    "自由だ": 0.01878,
    "ハドソン": 0.01878,
    "たたき起こす": 0.01878,
    "友": 0.01878,
    "いらっしゃる": 0.01878,
    "着く": 0.01878,
    "乗る": 0.01878,
    "泥": 0.01878,
    "かける": 0.01781,
    "恐ろしい": 0.01759,
    "屋敷": 0.01759,
    "インド": 0.01759,
    "言う": 0.01686,
    "長い": 0.01634,
    "ワトソン": 0.01609,
    "顔": 0.01609,
    "いう": 0.016,
    "調査": 0.01566,
    "約束": 0.01566,
    "気の毒だ": 0.01566,
    "女性": 0.01566,
    "二輪": 0.01566,
    "思い出す": 0.01566,
    "助ける": 0.01566,
    "つく": 0.01505,
    "些細だ": 0.01431,
    "つまらない": 0.01431,
    "頼り": 0.01431,
    "神経質だ": 0.01431,
    "たわ言": 0.01431,
    "くらい": 0.01431,
    "なだめる": 0.01431,
    "そらす": 0.01431,
    "潜む": 0.01431,
    "悪意": 0.01431,
    "見抜く": 0.01431,
    "近づく": 0.01431,
    "傾聴": 0.01431,
    "イングランド": 0.01431,
    "サクソン": 0.01431,
    "家系": 0.01431,
    "末裔": 0.01431,
    "果てる": 0.01431,
    "裕福だ": 0.01431,
    "北": 0.01431,
    "バークシア": 0.01431,
    "ハンプシア": 0.01431,
    "一八": 0.01431,
    "わたる": 0.01431,
    "当主": 0.01431,
    "放埒": 0.01431,
    "財産": 0.01431,
    "使い果たす": 0.01431,
    "摂政": 0.01431,
    "時代": 0.01431,
    "賭博": 0.01431,
    "崩す": 0.01431,
    "築": 0.01431,
    "二〇〇": 0.01431,
    "抵当": 0.01431,
    "始末": 0.01431,
    "先代": 0.01431,
    "無為だ": 0.01431,
    "人生": 0.01431,
    "清貧": 0.01431,
    "甘んずる": 0.01431,
    "息子": 0.01431,
    "抜け出る": 0.01431,
    "親類": 0.01431,
    "学資": 0.01431,
    "立て替える": 0.01431,
    "学位": 0.01431,
    "カルカッタ": 0.01431,
    "技術": 0.01431,
    "持ち前": 0.01431,
    "性格": 0.01431,
    "医院": 0.01431,
    "窃盗": 0.01431,
    "立て続け": 0.01431,
    "かんしゃく": 0.01431,
    "雇う": 0.01431,
    "執事": 0.01431,
    "殴り殺す": 0.01431,
    "死刑": 0.01431,
    "免れる": 0.01431,
    "禁固": 0.01431,
    "刑": 0.01431,
    "苦しめる": 0.01431,
    "せい": 0.01431,
    "すれる": 0.01431,
    "気むずかしい": 0.01431,
    "ベンガル": 0.01431,
    "砲兵": 0.01431,
    "隊": 0.01431,
    "少将": 0.01431,
    "未亡人": 0.01431,
    "再婚": 0.01431,
    "赤ん坊": 0.01431,
    "金持ち": 0.01431,
    "一〇〇〇": 0.01431,
    "収入": 0.01431,
    "譲る": 0.01431,
    "継父": 0.01431,
    "毎年": 0.01431,
    "決まる": 0.01431,
    "分ける": 0.01431,
    "クルー": 0.01431,
    "鉄道": 0.01431,
    "遭う": 0.01431,
    "亡き後": 0.01431,
    "よす": 0.01431,
    "遺産": 0.01431,
    "ゆえ": 0.01431,
    "不自由": 0.01431,
    "にわかだ": 0.01431,
    "様子": 0.01431,
    "極端だ": 0.01431,
    "嫌う": 0.01431,
    "喜ぶ": 0.01431,
    "閉じこもる": 0.01431,
    "たまだ": 0.01431,
    "外出": 0.01431,
    "会う": 0.01431,
    "喧嘩": 0.01431,
    "荒い": 0.01431,
    "熱帯": 0.01431,
    "重なる": 0.01431,
    "沙汰": 0.01431,
    "おびえる": 0.01431,
    "しまい": 0.01431,
    "あわてる": 0.01431,
    "声": 0.01415,
    "眠る": 0.01384,
    "暖炉": 0.01384,
    "居間": 0.01384,
    "服": 0.01384,
    "ふるえる": 0.01384,
    "駅": 0.01384,
    "いる": 0.01357,
    "ストーナ": 0.01285,
    "できる": 0.01264,
    "深い": 0.01255,
    "避ける": 0.01193,
    "うなずく": 0.01193,
    "土地": 0.01193,
    "送る": 0.01193,
    "取る": 0.01193,
    "起こす": 0.01193,
    "現地": 0.01193,
    "ジュリア": 0.01193,
    "双子": 0.01193,
    "遺言": 0.01193,
    "姉妹": 0.01193,
    "暮らす": 0.01193,
    "決まり": 0.01193,
    "事故": 0.01193,
    "連れる": 0.01193,
    "ご覧": 0.01193,
    "身分": 0.01193,
    "かまう": 0.01193,
    "人々": 0.01193,
    "逃げる": 0.01193,
    "君": 0.01154,
    "馬車": 0.01154,
    "いただく": 0.01154,
    "死": 0.01072,
    "込む": 0.01072,
    "ほど": 0.01072,
    "くださる": 0.01072,
    "話す": 0.01055,
    "危険だ": 0.01055,
    "存ずる": 0.01055,
    "医者": 0.01055,
    "ロンドン": 0.01055,
    "警察": 0.01055,
    "姿": 0.01055,
    "怒る": 0.01055,
    "立つ": 0.01003,
    "同じだ": 0.01003,
    "人間": 0.00956,
    "ヘレン": 0.00956,
    "父親": 0.00956,
    "古い": 0.00956,
    "残る": 0.00956,
    "相手": 0.00956,
    "覚え書き": 0.00939,
    "七〇": 0.00939,
    "通ずる": 0.00939,
    "手際": 0.00939,
    "喜劇": 0.00939,
    "大半": 0.00939,
    "変哲": 0.00939,
    "一蹴": 0.00939,
    "途方": 0.00939,
    "様々だ": 0.00939,
    "奇怪だ": 0.00939,
    "きわまる": 0.00939,
    "有名だ": 0.00939,
    "くだん": 0.00939,
    "ベイカ": 0.00939,
    "街": 0.00939,
    "下宿": 0.00939,
    "共用": 0.00939,
    "公表": 0.00939,
    "口外": 0.00939,
    "先日": 0.00939,
    "白日": 0.00939,
    "さらす": 0.00939,
    "理由": 0.00939,
    "風聞": 0.00939,
    "真実だ": 0.00939,
    "しく": 0.00939,
    "ねじ曲げる": 0.00939,
    "八三": 0.00939,
    "初め": 0.00939,
    "身支度": 0.00939,
    "調える": 0.00939,
    "枕元": 0.00939,
    "普段": 0.00939,
    "置き": 0.00939,
    "一五": 0.00939,
    "ぱち": 0.00939,
    "くり": 0.00939,
    "機嫌": 0.00939,
    "具合": 0.00939,
    "やってくる": 0.00939,
    "僕は君": 0.00939,
    "火事": 0.00939,
    "興奮": 0.00939,
    "面会": 0.00939,
    "都会": 0.00939,
    "ほる": 0.00939,
    "差し迫る": 0.00939,
    "本当だ": 0.00939,
    "逃す": 0.00939,
    "立ち会う": 0.00939,
    "楽しみ": 0.00939,
    "迅速だ": 0.00939,
    "当てずっぽうだ": 0.00939,
    "論拠": 0.00939,
    "のち": 0.00939,
    "厚い": 0.00939,
    "夫人": 0.00939,
    "窓際": 0.00939,
    "朗らかだ": 0.00939,
    "助手": 0.00939,
    "おっと": 0.00939,
    "熱い": 0.00939,
    "コーヒー": 0.00939,
    "こわい": 0.00939,
    "おそろしい": 0.00939,
    "あげる": 0.00939,
    "きる": 0.00939,
    "やつれる": 0.00939,
    "血の気": 0.00939,
    "およぐ": 0.00939,
    "狙う": 0.00939,
    "獲物": 0.00939,
    "顔つき": 0.00939,
    "体つき": 0.00939,
    "三十": 0.00939,
    "まじる": 0.00939,
    "憔悴": 0.00939,
    "見てとれる": 0.00939,
    "やさしい": 0.00939,
    "乗り出す": 0.00939,
    "解決": 0.00939,
    "手袋": 0.00939,
    "復路": 0.00939,
    "切符": 0.00939,
    "出立": 0.00939,
    "ぬかるむ": 0.00939,
    "ほほえむ": 0.00939,
    "上着": 0.00939,
    "左袖": 0.00939,
    "跳ね": 0.00939,
    "揚げる": 0.00939,
    "乗り物": 0.00939,
    "おっしゃる": 0.00939,
    "二〇": 0.00939,
    "始発": 0.00939,
    "耐える": 0.00939,
    "おかしい": 0.00939,
    "頼れる": 0.00939,
    "心配": 0.00939,
    "ファリントッシュ": 0.00939,
    "うかがう": 0.00939,
    "住所": 0.00939,
    "取り巻く": 0.00939,
    "十分だ": 0.00939,
    "相応だ": 0.00939,
    "錠": 0.00939,
    "取り出す": 0.00939,
    "めくる": 0.00939,
    "ファリン": 0.00939,
    "トッシュ": 0.00939,
    "オパール": 0.00939,
    "髪飾": 0.00939,
    "知り合う": 0.00939,
    "断言": 0.00939,
    "最大だ": 0.00939,
    "限": 0.00939,
    "助力": 0.00939,
    "報酬": 0.00939,
    "支払う": 0.00939,
    "恐怖": 0.0088,
    "引く": 0.0088,
    "ひどい": 0.0088,
    "椅子": 0.00843,
    "強い": 0.00817,
    "悲劇": 0.00783,
    "普通だ": 0.00783,
    "好きだ": 0.00783,
    "得る": 0.00783,
    "交わす": 0.00783,
    "迎える": 0.00783,
    "覚ます": 0.00783,
    "遅い": 0.00783,
    "時計": 0.00783,
    "何ごと": 0.00783,
    "向く": 0.00783,
    "起きる": 0.00783,
    "事情": 0.00783,
    "面白い": 0.00783,
    "決める": 0.00783,
    "驚く": 0.00783,
    "思える": 0.00783,
    "問題": 0.00783,
    "解き明かす": 0.00783,
    "挨拶": 0.00783,
    "同様だ": 0.00783,
    "利く": 0.00783,
    "いかがだ": 0.00783,
    "寒い": 0.00783,
    "動揺": 0.00783,
    "向ける": 0.00783,
    "差し上げる": 0.00783,
    "通る": 0.00783,
    "限る": 0.00783,
    "ウォータルー": 0.00783,
    "なれる": 0.00783,
    "任せる": 0.00783,
    "役立つ": 0.00783,
    "出す": 0.00764,
    "参る": 0.00764,
    "帰る": 0.00764,
    "亡くなる": 0.00764,
    "仕事": 0.00692,
    "受ける": 0.00692,
    "悪い": 0.00692,
    "推理": 0.00692,
    "大急ぎだ": 0.00692,
    "黒い": 0.00692,
    "包む": 0.00692,
    "寄せる": 0.00692,
    "白い": 0.00692,
    "安心": 0.00692,
    "腕": 0.00692,
    "御者": 0.00692,
    "腰": 0.00692,
    "闇": 0.00692,
    "机": 0.00692,
    "外す": 0.00692,
    "知る": 0.00627,
    "よる": 0.00627,
    "回る": 0.00627,
    "まえ": 0.00627,
    "歩く": 0.00627,
    "感じる": 0.00627,
    "汽車": 0.00627,
    "下ろす": 0.00627,
    "通り": 0.00627,
    "レザヘッド": 0.00627,
    "願い": 0.00627,
    "置く": 0.00577,
    "見つめる": 0.00577,
    "説明": 0.00577,
    "ふた": 0.00577,
    "戸": 0.00536,
    "待つ": 0.00536,
    "上がる": 0.00536,
    "言葉": 0.00536,
    "おる": 0.00536,
    "光": 0.00536,