{
    "この頃": 0.09285,
    "浅い": 0.09285,
    "覚める": 0.09285,
    "仕業": 0.09285,
    "あたし": 0.09285,
    "姉さん": 0.09285,
    "安眠": 0.09285,
    "くだらない": 0.09285,
    "つづく": 0.09285,
    "眠り": 0.07744,
    "違う": 0.07744,
    "笑う": 0.07744,
    "当夜": 0.07737,
    "吸う": 0.07737,
    "臭い": 0.07737,
    "婚礼": 0.07737,
    "立ち止まる": 0.07737,
    "振り返る": 0.07737,
    "当たり前だ": 0.07737,
    "耳": 0.06843,
    "ただいま": 0.06632,
    "庭": 0.06454,
    "下がる": 0.06454,
    "休む": 0.06454,
    "煙草": 0.06454,
    "悩む": 0.06454,
    "迫る": 0.06454,
    "十一": 0.06454,
    "閉める": 0.06204,
    "きつい": 0.0517,
    "許す": 0.04421,
    "暮らし": 0.04421,
    "婚約": 0.04421,
    "扉": 0.0434,
    "一族": 0.04293,
    "動物": 0.03688,
    "眠れる": 0.03611,
    "嵐": 0.03611,
    "駆ける": 0.03611,
    "激しい": 0.03191,
    "息": 0.03191,
    "朝": 0.03133,
    "西": 0.02862,
    "開業": 0.02862,
    "内地": 0.02862,
    "代々": 0.02862,
    "生活": 0.02862,
    "血筋": 0.02862,
    "お礼": 0.02817,
    "僕": 0.02671,
    "ひも": 0.02473,
    "義理": 0.02387,
    "不思議だ": 0.02349,
    "先週": 0.02211,
    "鍛冶": 0.02211,
    "橋": 0.02211,
    "欄干": 0.02211,
    "川": 0.02211,
    "突き落とす": 0.02211,
    "訴える": 0.02211,
    "かき集める": 0.02211,
    "勘弁": 0.02211,
    "友だち": 0.02211,
    "漂泊": 0.02211,
    "一団": 0.02211,
    "茨": 0.02211,
    "茂る": 0.02211,
    "野宿": 0.02211,
    "交換": 0.02211,
    "条件": 0.02211,
    "寝泊まり": 0.02211,
    "同行": 0.02211,
    "処々": 0.02211,
    "方々": 0.02211,
    "産": 0.02211,
    "買い入れる": 0.02211,
    "放し飼い": 0.02211,
    "かわいそうだ": 0.02211,
    "楽しい": 0.02211,
    "召使い": 0.02211,
    "看る": 0.02211,
    "享年": 0.02211,
    "三〇": 0.02211,
    "白髪": 0.02211,
    "亡くなり": 0.02211,
    "想像": 0.02211,
    "世代": 0.02211,
    "付き合い": 0.02211,
    "難しい": 0.02211,
    "妹": 0.02211,
    "当たる": 0.02211,
    "ホノーリア": 0.02211,
    "ウェスト": 0.02211,
    "ファイル": 0.02211,
    "訪ねる": 0.02211,
    "クリスマス": 0.02211,
    "休職": 0.02211,
    "海軍": 0.02211,
    "少佐": 0.02211,
    "運び": 0.02211,
    "文句": 0.02211,
    "日取り": 0.02211,
    "たつ": 0.02211,
    "押しつける": 0.02211,
    "細目": 0.02211,
    "願": 0.02211,
    "わく": 0.02211,
    "記憶": 0.02211,
    "焼き付く": 0.02211,
    "申しあげる": 0.02211,
    "中程": 0.02211,
    "行き来": 0.02211,
    "飼う": 0.02165,
    "胸騒ぎ": 0.02165,
    "ご存じ": 0.02165,
    "魂": 0.02165,
    "お互い": 0.02165,
    "ものすごい": 0.02165,
    "敏感だ": 0.02165,
    "晩": 0.02165,
    "うなり": 0.02165,
    "雨": 0.02165,
    "絹": 0.02165,
    "裂く": 0.02165,
    "抜け": 0.02165,
    "掛": 0.02165,
    "巻き付く": 0.02165,
    "一声": 0.02165,
    "金物": 0.02165,
    "堕ちる": 0.02165,
    "浴びる": 0.02165,
    "すがる": 0.02165,
    "手つき": 0.02165,
    "千鳥足": 0.02165,
    "両腕": 0.02165,
    "抱く": 0.02165,
    "とめる": 0.02165,
    "足": 0.02165,
    "倒れる": 0.02165,
    "痛む": 0.02165,
    "もだえ": 0.02165,
    "手足": 0.02165,
    "震わせる": 0.02165,
    "中腰": 0.02165,
    "絞り出す": 0.02165,
    "突き刺す": 0.02165,
    "指す": 0.02165,
    "全身": 0.02165,
    "ひく": 0.02165,
    "つけ": 0.02165,
    "物": 0.02165,
    "引っかける": 0.02165,
    "ブランデイ": 0.02165,
    "つぎ込む": 0.02165,
    "施し": 0.02165,
    "意識": 0.02165,
    "愛する": 0.02165,
    "友人": 0.02145,
    "婦人": 0.01882,
    "今朝": 0.01882,
    "自由だ": 0.01878,
    "ハドソン": 0.01878,
    "たたき起こす": 0.01878,
    "友": 0.01878,
    "いらっしゃる": 0.01878,
    "着く": 0.01878,
    "乗る": 0.01878,
    "泥": 0.01878,
    "髪": 0.01844,
    "存じる": 0.01844,
    "叔母": 0.01844,
    "閉じる": 0.01844,
    "詳しい": 0.01844,
    "隅々": 0.01844,
    "入り口": 0.01844,
    "並ぶ": 0.01844,
    "間違う": 0.01806,
    "飛び出す": 0.01806,
    "現れる": 0.01806,
    "真っ青だ": 0.01806,
    "駆け寄る": 0.01806,
    "忘れる": 0.01806,
    "上げる": 0.01806,
    "引き取る": 0.01806,
    "原因": 0.01629,
    "ハロウ": 0.01629,
    "背": 0.01629,
    "棟": 0.01629,
    "ワトソン": 0.01609,
    "答える": 0.01596,
    "鳴る": 0.01596,
    "続く": 0.01596,
    "重い": 0.01596,
    "呑む": 0.01596,
    "進む": 0.01596,
    "身体": 0.01596,
    "抜ける": 0.01596,
    "まだらだ": 0.01596,
    "指": 0.01596,
    "医師": 0.01596,
    "調査": 0.01566,
    "約束": 0.01566,
    "気の毒だ": 0.01566,
    "女性": 0.01566,
    "二輪": 0.01566,
    "思い出す": 0.01566,
    "よろしい": 0.01477,
    "結ぶ": 0.01447,
    "肩": 0.01447,
    "高い": 0.01447,
    "言える": 0.01447,
    "呼ぶ": 0.01447,
    "最期": 0.01447,
    "些細だ": 0.01431,
    "つまらない": 0.01431,
    "頼り": 0.01431,
    "神経質だ": 0.01431,
    "たわ言": 0.01431,
    "くらい": 0.01431,
    "なだめる": 0.01431,
    "そらす": 0.01431,
    "潜む": 0.01431,
    "悪意": 0.01431,
    "見抜く": 0.01431,
    "近づく": 0.01431,
    "傾聴": 0.01431,
    "イングランド": 0.01431,
    "サクソン": 0.01431,
    "家系": 0.01431,
    "末裔": 0.01431,
    "果てる": 0.01431,
    "裕福だ": 0.01431,
    "北": 0.01431,
    "バークシア": 0.01431,
    "ハンプシア": 0.01431,
    "一八": 0.01431,
    "わたる": 0.01431,
    "当主": 0.01431,
    "放埒": 0.01431,
    "財産": 0.01431,
    "使い果たす": 0.01431,
    "摂政": 0.01431,
    "時代": 0.01431,
    "賭博": 0.01431,
    "崩す": 0.01431,
    "築": 0.01431,
    "二〇〇": 0.01431,
    "抵当": 0.01431,
    "始末": 0.01431,
    "先代": 0.01431,
    "無為だ": 0.01431,
    "人生": 0.01431,
    "清貧": 0.01431,
    "甘んずる": 0.01431,
    "息子": 0.01431,
    "抜け出る": 0.01431,
    "親類": 0.01431,
    "学資": 0.01431,
    "立て替える": 0.01431,
    "学位": 0.01431,
    "カルカッタ": 0.01431,
    "技術": 0.01431,
    "持ち前": 0.01431,
    "性格": 0.01431,
    "医院": 0.01431,
    "窃盗": 0.01431,
    "立て続け": 0.01431,
    "かんしゃく": 0.01431,
    "雇う": 0.01431,
    "執事": 0.01431,
    "殴り殺す": 0.01431,
    "死刑": 0.01431,
    "免れる": 0.01431,
    "禁固": 0.01431,
    "刑": 0.01431,
    "苦しめる": 0.01431,
    "せい": 0.01431,
    "すれる": 0.01431,
    "気むずかしい": 0.01431,
    "ベンガル": 0.01431,
    "砲兵": 0.01431,
    "隊": 0.01431,
    "少将": 0.01431,
    "未亡人": 0.01431,
    "再婚": 0.01431,
    "赤ん坊": 0.01431,
    "金持ち": 0.01431,
    "一〇〇〇": 0.01431,
    "収入": 0.01431,
    "譲る": 0.01431,
    "継父": 0.01431,
    "毎年": 0.01431,
    "決まる": 0.01431,
    "分ける": 0.01431,
    "クルー": 0.01431,
    "鉄道": 0.01431,
    "遭う": 0.01431,
    "亡き後": 0.01431,
    "よす": 0.01431,
    "遺産": 0.01431,
    "ゆえ": 0.01431,
    "不自由": 0.01431,
    "にわかだ": 0.01431,
    "様子": 0.01431,
    "極端だ": 0.01431,
    "嫌う": 0.01431,
    "喜ぶ": 0.01431,
    "閉じこもる": 0.01431,
    "たまだ": 0.01431,
    "外出": 0.01431,
    "会う": 0.01431,
    "喧嘩": 0.01431,
    "荒い": 0.01431,
    "熱帯": 0.01431,
    "重なる": 0.01431,
    "沙汰": 0.01431,
    "おびえる": 0.01431,
    "しまい": 0.01431,
    "あわてる": 0.01431,
    "暖炉": 0.01384,
    "服": 0.01384,
    "ふるえる": 0.01384,
    "駅": 0.01384,
    "叩く": 0.01331,
    "ストーナ": 0.01285,
    "深い": 0.01255,
    "風": 0.01236,
    "開く": 0.01236,
    "ランプ": 0.01236,
    "避ける": 0.01193,
    "うなずく": 0.01193,
    "送る": 0.01193,
    "取る": 0.01193,
    "起こす": 0.01193,
    "遺言": 0.01193,
    "暮らす": 0.01193,
    "決まり": 0.01193,
    "事故": 0.01193,
    "連れる": 0.01193,
    "ご覧": 0.01193,
    "かまう": 0.01193,
    "人々": 0.01193,
    "逃げる": 0.01193,
    "使う": 0.01181,
    "君": 0.01154,
    "馬車": 0.01154,
    "夜": 0.01087,
    "込む": 0.01072,
    "危険だ": 0.01055,
    "医者": 0.01055,
    "ロンドン": 0.01055,
    "警察": 0.01055,
    "姿": 0.01055,
    "怒る": 0.01055,
    "人間": 0.00956,
    "父親": 0.00956,
    "相手": 0.00956,
    "覚え書き": 0.00939,
    "七〇": 0.00939,
    "通ずる": 0.00939,
    "手際": 0.00939,
    "喜劇": 0.00939,
    "大半": 0.00939,
    "変哲": 0.00939,
    "一蹴": 0.00939,
    "途方": 0.00939,
    "様々だ": 0.00939,
    "奇怪だ": 0.00939,
    "きわまる": 0.00939,
    "有名だ": 0.00939,
    "くだん": 0.00939,
    "ベイカ": 0.00939,
    "街": 0.00939,
    "下宿": 0.00939,
    "共用": 0.00939,
    "公表": 0.00939,
    "口外": 0.00939,
    "先日": 0.00939,
    "白日": 0.00939,
    "さらす": 0.00939,
    "理由": 0.00939,
    "風聞": 0.00939,
    "真実だ": 0.00939,
    "しく": 0.00939,
    "ねじ曲げる": 0.00939,
    "八三": 0.00939,
    "初め": 0.00939,
    "身支度": 0.00939,
    "調える": 0.00939,
    "枕元": 0.00939,
    "普段": 0.00939,
    "置き": 0.00939,
    "一五": 0.00939,
    "ぱち": 0.00939,
    "くり": 0.00939,
    "機嫌": 0.00939,
    "具合": 0.00939,
    "やってくる": 0.00939,
    "僕は君": 0.00939,
    "火事": 0.00939,
    "興奮": 0.00939,
    "面会": 0.00939,
    "都会": 0.00939,
    "ほる": 0.00939,
    "差し迫る": 0.00939,
    "本当だ": 0.00939,
    "逃す": 0.00939,
    "立ち会う": 0.00939,