{
    "蛇": 0.12317766166719343,
    "毒蛇": 0.09293084399434669,
    "鞭": 0.06849642447770254,
    "ひも": 0.06363451629653043,
    "頭": 0.05596299436448294,
    "あやか": 0.05570738440463927,
    "毛": 0.05570738440463927,
    "菱形": 0.05570738440463927,
    "忌まわしい": 0.05570738440463927,
    "鎌首": 0.05570738440463927,
    "もたげる": 0.05570738440463927,
    "沼蛇": 0.05570738440463927,
    "暴力": 0.05570738440463927,
    "我が身": 0.05570738440463927,
    "返る": 0.05570738440463927,
    "必然": 0.05570738440463927,
    "策士": 0.05570738440463927,
    "仕掛ける": 0.05570738440463927,
    "はまる": 0.05570738440463927,
    "巣": 0.05570738440463927,
    "安全だ": 0.05570738440463927,
    "場所": 0.05570738440463927,
    "地元": 0.05570738440463927,
    "報告": 0.05570738440463927,
    "死人": 0.05570738440463927,
    "素早い": 0.05570738440463927,
    "凶行": 0.05570738440463927,
    "引き離す": 0.05570738440463927,
    "運ぶ": 0.05570738440463927,
    "投げ入れる": 0.05570738440463927,
    "こめる": 0.05570738440463927,
    "ホームズ": 0.0493445940472602,
    "ささやく": 0.046465421997173344,
    "巻く": 0.046465421997173344,
    "髪": 0.046465421997173344,
    "毒": 0.046465421997173344,
    "噛む": 0.046465421997173344,
    "追う": 0.046465421997173344,
    "移す": 0.046465421997173344,
    "次第": 0.046465421997173344,
    "いっぱいだ": 0.046465421997173344,
    "伸ばす": 0.046465421997173344,
    "鉄製": 0.046465421997173344,
    "閉じる": 0.046465421997173344,
    "博士": 0.04301611927697091,
    "まだらだ": 0.04105922055573115,
    "始める": 0.04105922055573115,
    "太い": 0.04105922055573115,
    "張る": 0.04105922055573115,
    "死ぬ": 0.04105922055573115,
    "警察": 0.04105922055573115,
    "膝": 0.04105922055573115,
    "腕": 0.04105922055573115,
    "動く": 0.0372234595897074,
    "終わる": 0.0372234595897074,
    "とる": 0.0372234595897074,
    "インド": 0.03424821223885127,
    "金庫": 0.03424821223885127,
    "込む": 0.031817258148265214,
    "持つ": 0.029761915750568434,
    "声": 0.02798149718224147,
    "穴": 0.02798149718224147,
    "かける": 0.02641105670682302,
    "ストーナ": 0.025006249831385333,
    "言う": 0.025006249831385333,
    "出る": 0.023735447433994337
}