{
    "棟": 0.06008666422789923,
    "真ん中": 0.05099863389933659,
    "上る": 0.040761500783882396,
    "読む": 0.040761500783882396,
    "石": 0.040761500783882396,
    "手入れ": 0.040761500783882396,
    "端": 0.040761500783882396,
    "部屋": 0.03936118496463599,
    "窓": 0.03473480112291854,
    "ある": 0.03427963678312596,
    "中央": 0.03399908926622439,
    "休む": 0.03399908926622439,
    "寝室": 0.030711399346362588,
    "言う": 0.027445883961276583,
    "人間": 0.02723667774856639,
    "鍵": 0.02723667774856639,
    "馬車": 0.025059667491842394,
    "廊下": 0.025059667491842394,
    "帰る": 0.02177701152480617,
    "壁": 0.02047426623090839,
    "見える": 0.02047426623090839,
    "降る": 0.020380750391941198,
    "代金": 0.020380750391941198,
    "払う": 0.020380750391941198,
    "踏み": 0.020380750391941198,
    "越し": 0.020380750391941198,
    "建築": 0.020380750391941198,
    "技師": 0.020380750391941198,
    "用事": 0.020380750391941198,
    "うれしい": 0.020380750391941198,
    "にじみ出る": 0.020380750391941198,
    "熱烈だ": 0.020380750391941198,
    "握手": 0.020380750391941198,
    "夕方": 0.020380750391941198,
    "めっただ": 0.020380750391941198,
    "近づき": 0.020380750391941198,
    "光栄だ": 0.020380750391941198,
    "手短だ": 0.020380750391941198,
    "終わり": 0.020380750391941198,
    "唇": 0.020380750391941198,
    "そだ": 0.020380750391941198,
    "籠の中の鳥": 0.020380750391941198,
    "用心": 0.020380750391941198,
    "今夜": 0.020380750391941198,
    "狼藉": 0.020380750391941198,
    "働く": 0.020380750391941198,
    "叔母さん": 0.020380750391941198,
    "有効だ": 0.020380750391941198,
    "案内": 0.020380750391941198,
    "願う": 0.020380750391941198,
    "苔": 0.020380750391941198,
    "むす": 0.020380750391941198,
    "翼": 0.020380750391941198,
    "のびる": 0.020380750391941198,
    "破れる": 0.020380750391941198,
    "板": 0.020380750391941198,
    "付ける": 0.020380750391941198,
    "へこむ": 0.020380750391941198,
    "廃墟": 0.020380750391941198,
    "不足だ": 0.020380750391941198,
    "日よけ": 0.020380750391941198,
    "青い": 0.020380750391941198,
    "煙": 0.020380750391941198,
    "見て取れる": 0.020380750391941198,
    "外れ": 0.020380750391941198,
    "足場": 0.020380750391941198,
    "くむ": 0.020380750391941198,
    "訪れる": 0.020380750391941198,
    "職人": 0.020380750391941198,
    "行き届く": 0.020380750391941198,
    "外側": 0.020380750391941198,
    "母屋": 0.020380750391941198,
    "近い": 0.020380750391941198,
    "改修": 0.020380750391941198,
    "追い出す": 0.020380750391941198,
    "口実": 0.020380750391941198,
    "いわく": 0.020380750391941198,
    "げす": 0.020380750391941198,
    "面する": 0.020380750391941198,
    "狭い": 0.020380750391941198,
    "通り抜け": 0.020380750391941198,
    "忍び込む": 0.020380750391941198,
    "閉め": 0.020380750391941198,
    "かける": 0.01932516344401684,
    "ストーナ": 0.018297255974184388,
    "できる": 0.018297255974184388,
    "わたくし": 0.018297255974184388,
    "ホームズ": 0.01805290026119276,
    "角": 0.016999544633112196,
    "約束": 0.016999544633112196,
    "駆け寄る": 0.016999544633112196,
    "挨拶": 0.016999544633112196,
    "申し上げる": 0.016999544633112196,
    "張り上げる": 0.016999544633112196,
    "先生": 0.016999544633112196,
    "真っ青だ": 0.016999544633112196,
    "追う": 0.016999544633112196,
    "近づける": 0.016999544633112196,
    "送る": 0.016999544633112196,
    "差し上げる": 0.016999544633112196,
    "建物": 0.016999544633112196,
    "灰色": 0.016999544633112196,
    "左右": 0.016999544633112196,
    "屋根": 0.016999544633112196,
    "新しい": 0.016999544633112196,
    "住居": 0.016999544633112196,
    "崩れる": 0.016999544633112196,
    "直す": 0.016999544633112196,
    "細い": 0.016999544633112196,
    "向く": 0.016999544633112196,
    "ロイロット": 0.016518509078633614,
    "博士": 0.01573760461352594,
    "見る": 0.01573760461352594,
    "返す": 0.015021666056974808,
    "相違": 0.015021666056974808,
    "ロンドン": 0.015021666056974808,
    "嬢": 0.015021666056974808,
    "ハロウ": 0.015021666056974808,
    "状": 0.015021666056974808,
    "打つ": 0.015021666056974808,
    "煙突": 0.015021666056974808,
    "姿": 0.015021666056974808,
    "大急ぎだ": 0.015021666056974808,
    "必要だ": 0.015021666056974808,
    "反対": 0.015021666056974808,
    "ない": 0.015014600007148165,
    "なる": 0.013711854713250385,
    "レザヘッド": 0.013618338874283195,
    "いい": 0.013618338874283195,
    "今朝": 0.013618338874283195,
    "閉める": 0.013618338874283195,
    "高い": 0.013618338874283195,
    "歩く": 0.013618338874283195,
    "回る": 0.013618338874283195,
    "通り": 0.013618338874283195,
    "小さい": 0.013618338874283195,
    "引く": 0.012529833745921197,
    "依頼": 0.012529833745921197,
    "いただく": 0.012529833745921197,
    "起こる": 0.012529833745921197,
    "説明": 0.012529833745921197,
    "芝地": 0.012529833745921197,
    "来る": 0.011640460298145808,
    "顔": 0.011640460298145808,
    "待つ": 0.011640460298145808,
    "ほど": 0.011640460298145808,
    "鎧戸": 0.011640460298145808,
    "立つ": 0.010888505762403085,
    "参る": 0.010888505762403085,
    "使う": 0.010888505762403085,
    "声": 0.010237133115454196,
    "聞く": 0.010237133115454196,
    "調べる": 0.010237133115454196,
    "夜": 0.010237133115454196,
    "つける": 0.00966258172200842,
    "出る": 0.008683700280729635,
    "思う": 0.008259254539316807,
    "姉": 0.007507300003574083,
    "の": 0.006855927356625192
}