{
    "明かり": 0.06849268574340894,
    "闇": 0.0631033102803245,
    "座る": 0.0513695143075567,
    "ホームズ": 0.03539058999291203,
    "消す": 0.03424634287170447,
    "十五": 0.03424634287170447,
    "君": 0.03158134325303908,
    "ない": 0.03153681353960424,
    "長い": 0.02933968476786751,
    "窓": 0.029182927172943855,
    "木立": 0.028564808604819678,
    "合図": 0.028564808604819678,
    "通る": 0.028564808604819678,
    "忘れる": 0.028564808604819678,
    "うなずく": 0.028564808604819678,
    "漏れる": 0.0252413241121298,
    "包む": 0.0252413241121298,
    "打つ": 0.0252413241121298,
    "息": 0.0252413241121298,
    "そば": 0.0252413241121298,
    "眠る": 0.0252413241121298,
    "豹": 0.022883274337934877,
    "静かだ": 0.021054228835359387,
    "芝地": 0.021054228835359387,
    "込む": 0.019559789845245007,
    "友人": 0.019559789845245007,
    "鎧戸": 0.019559789845245007,
    "ランプ": 0.019559789845245007,
    "待つ": 0.019559789845245007,
    "しれる": 0.018296259682726496,
    "音": 0.017201740071050083,
    "声": 0.017201740071050083,
    "正面": 0.017123171435852236,
    "出かけ": 0.017123171435852236,
    "宿": 0.017123171435852236,
    "主人": 0.017123171435852236,
    "知人": 0.017123171435852236,
    "訪問": 0.017123171435852236,
    "泊まる": 0.017123171435852236,
    "冷たい": 0.017123171435852236,
    "頬": 0.017123171435852236,
    "なでる": 0.017123171435852236,
    "前方": 0.017123171435852236,
    "灯": 0.017123171435852236,
    "不気味だ": 0.017123171435852236,
    "塀": 0.017123171435852236,
    "かいくぐる": 0.017123171435852236,
    "月桂樹": 0.017123171435852236,
    "茂み": 0.017123171435852236,
    "おぞましい": 0.017123171435852236,
    "草": 0.017123171435852236,
    "転がる": 0.017123171435852236,
    "握りしめる": 0.017123171435852236,
    "笑い": 0.017123171435852236,
    "はじめる": 0.017123171435852236,
    "耳打ち": 0.017123171435852236,
    "家族": 0.017123171435852236,
    "かわいがる": 0.017123171435852236,
    "そいつ": 0.017123171435852236,
    "真似": 0.017123171435852236,
    "靴": 0.017123171435852236,
    "脱ぐ": 0.017123171435852236,
    "見渡す": 0.017123171435852236,
    "変わり": 0.017123171435852236,
    "忍び寄る": 0.017123171435852236,
    "トランペット": 0.017123171435852236,
    "こしらえる": 0.017123171435852236,
    "計画": 0.017123171435852236,
    "さとる": 0.017123171435852236,
    "おそれ": 0.017123171435852236,
    "なし": 0.017123171435852236,
    "関わる": 0.017123171435852236,
    "使える": 0.017123171435852236,
    "へり": 0.017123171435852236,
    "立てかける": 0.017123171435852236,
    "蝋燭": 0.017123171435852236,
    "並べる": 0.017123171435852236,
    "過ごす": 0.017123171435852236,
    "終生": 0.017123171435852236,
    "殺す": 0.017123171435852236,
    "つめる": 0.017123171435852236,
    "わずかだ": 0.017123171435852236,
    "遮る": 0.017123171435852236,
    "啼く": 0.017123171435852236,
    "目の前": 0.017123171435852236,
    "似る": 0.017123171435852236,
    "引きつる": 0.017123171435852236,
    "鳴き声": 0.017123171435852236,
    "放つ": 0.017123171435852236,
    "はるかだ": 0.017123171435852236,
    "教会": 0.017123171435852236,
    "鐘": 0.017123171435852236,
    "おごそかだ": 0.017123171435852236,
    "響く": 0.017123171435852236,
    "続ける": 0.017123171435852236,
    "寝台": 0.016236305352555134,
    "入る": 0.01537269456847459,
    "出る": 0.014591463586471927,
    "消える": 0.014282404302409839,
    "時計": 0.014282404302409839,
    "十一": 0.014282404302409839,
    "灯す": 0.014282404302409839,
    "真ん中": 0.014282404302409839,
    "交わす": 0.014282404302409839,
    "告げる": 0.014282404302409839,
    "暗い": 0.014282404302409839,
    "使命": 0.014282404302409839,
    "導く": 0.014282404302409839,
    "庭": 0.014282404302409839,
    "崩れる": 0.014282404302409839,
    "敷地": 0.014282404302409839,
    "入れる": 0.014282404302409839,
    "木々": 0.014282404302409839,
    "怪物": 0.014282404302409839,
    "飛び出す": 0.014282404302409839,
    "駆ける": 0.014282404302409839,
    "動揺": 0.014282404302409839,
    "忍ぶ": 0.014282404302409839,
    "つぶやく": 0.014282404302409839,
    "ペット": 0.014282404302409839,
    "瞬間": 0.014282404302409839,
    "かみつく": 0.014282404302409839,
    "立てる": 0.014282404302409839,
    "卓上": 0.014282404302409839,
    "移す": 0.014282404302409839,
    "昼間": 0.014282404302409839,
    "両手": 0.014282404302409839,
    "ささやく": 0.014282404302409839,
    "かすかだ": 0.014282404302409839,
    "物音": 0.014282404302409839,
    "台無しだ": 0.014282404302409839,
    "命": 0.014282404302409839,
    "拳銃": 0.014282404302409839,
    "準備": 0.014282404302409839,
    "リヴォルヴァ": 0.014282404302409839,
    "細い": 0.014282404302409839,
    "箱": 0.014282404302409839,
    "燃え": 0.014282404302409839,
    "見開く": 0.014282404302409839,
    "猫": 0.014282404302409839,
    "遠く": 0.014282404302409839,
    "空": 0.014282404302409839,
    "十二": 0.014282404302409839,
    "見る": 0.013222167810544336,
    "方向": 0.0126206620560649,
    "黄色い": 0.0126206620560649,
    "抜ける": 0.0126206620560649,
    "呑む": 0.0126206620560649,
    "奇妙だ": 0.0126206620560649,
    "耳": 0.0126206620560649,
    "机": 0.0126206620560649,
    "隅": 0.0126206620560649,
    "杖": 0.0126206620560649,
    "張る": 0.0126206620560649,
    "相違": 0.0126206620560649,
    "の": 0.011520205804165282,
    "よる": 0.011441637168967438,
    "ヒヒ": 0.011441637168967438,
    "肩": 0.011441637168967438,
    "閉める": 0.011441637168967438,
    "小さい": 0.011441637168967438,
    "結構だ": 0.010527114417679694,
    "置く": 0.010527114417679694,
    "マッチ": 0.010527114417679694,
    "起こる": 0.010527114417679694,
    "上がる": 0.009779894922622503,
    "言葉": 0.009779894922622503,
    "風": 0.009779894922622503,
    "ほど": 0.009779894922622503,
    "通風": 0.009779894922622503,
    "光": 0.009779894922622503,
    "強い": 0.009779894922622503,
    "ストーク": 0.009148129841363248,
    "モラン": 0.009148129841363248,
    "立つ": 0.009148129841363248,
    "あいだ": 0.009148129841363248,
    "聞こえる": 0.009148129841363248,
    "出す": 0.009148129841363248,
    "持つ": 0.009148129841363248,
    "同じだ": 0.009148129841363248,
    "低い": 0.009148129841363248,
    "寝室": 0.008600870035525041,
    "夜": 0.008600870035525041,
    "いる": 0.008118152676277567,
    "分かる": 0.008118152676277567,
    "僕": 0.008118152676277567,
    "椅子": 0.007686347284237295,
    "博士": 0.006611083905272168,
    "部屋": 0.005511641337261187
}