{
    "確かだ": 0.0898506200074827,
    "マッチ": 0.08285857799722081,
    "姉": 0.08274174735121972,
    "検視": 0.06622454928343734,
    "太い": 0.06622454928343734,
    "つく": 0.04800308992027166,
    "聞く": 0.0451314470681314,
    "挟む": 0.04492531000374135,
    "聞き": 0.04492531000374135,
    "係官": 0.04492531000374135,
    "訊ね": 0.04492531000374135,
    "軋む": 0.04492531000374135,
    "違える": 0.04492531000374135,
    "寝間着": 0.04492531000374135,
    "右手": 0.04492531000374135,
    "察知": 0.04492531000374135,
    "辺り": 0.04492531000374135,
    "取り調べ": 0.04492531000374135,
    "日頃": 0.04492531000374135,
    "行い": 0.04492531000374135,
    "あまりだ": 0.04492531000374135,
    "じまい": 0.04492531000374135,
    "証言": 0.04492531000374135,
    "旧式だ": 0.04492531000374135,
    "はめる": 0.04492531000374135,
    "閉ざす": 0.04492531000374135,
    "四方": 0.04492531000374135,
    "堅い": 0.04492531000374135,
    "釘": 0.04492531000374135,
    "通す": 0.04492531000374135,
    "傷痕": 0.04492531000374135,
    "見つかる": 0.04492531000374135,
    "分かる": 0.042598478559391965,
    "わたくし": 0.04033266101836344,
    "属音": 0.03747211451384947,
    "間違い": 0.03747211451384947,
    "嵐": 0.03747211451384947,
    "燃え": 0.03747211451384947,
    "左手": 0.03747211451384947,
    "箱": 0.03747211451384947,
    "ご覧": 0.03747211451384947,
    "結論": 0.03747211451384947,
    "詳しい": 0.03747211451384947,
    "死因": 0.03747211451384947,
    "内側": 0.03747211451384947,
    "内部": 0.03747211451384947,
    "間違う": 0.03747211451384947,
    "激しい": 0.03311227464171867,
    "服": 0.03311227464171867,
    "官": 0.03311227464171867,
    "悪い": 0.03311227464171867,
    "かかる": 0.03311227464171867,
    "鉄": 0.03311227464171867,
    "棒": 0.03311227464171867,
    "煙突": 0.03311227464171867,
    "横": 0.03311227464171867,
    "身体": 0.03311227464171867,
    "古い": 0.030018919023957584,
    "擦る": 0.030018919023957584,
    "なさる": 0.030018919023957584,
    "鍵": 0.030018919023957584,
    "叩く": 0.027619525999073608,
    "鎧戸": 0.025659079151826785,
    "床": 0.025659079151826785,
    "しれる": 0.02400154496013583,
    "父": 0.02400154496013583,
    "同じだ": 0.02400154496013583,
    "亡くなる": 0.02400154496013583,
    "口笛": 0.0225657235340657,
    "致す": 0.0225657235340657,
    "夜": 0.0225657235340657,
    "壁": 0.0225657235340657,
    "調べる": 0.0225657235340657,
    "いう": 0.019141489866124465,
    "窓": 0.019141489866124465,
    "思う": 0.0182058836619349,
    "の": 0.015112528044173812,
    "ある": 0.015112528044173812,
    "なる": 0.015112528044173812,
    "ホームズ": 0.013264675819155969
}