{
    "アーミティッジ": 0.11191215617003425,
    "わたくし": 0.08372628291758481,
    "恐ろしい": 0.068802212086978,
    "姉": 0.0549641607404531,
    "海": 0.03730405205667808,
    "先頃": 0.03730405205667808,
    "さみしい": 0.03730405205667808,
    "長年": 0.03730405205667808,
    "おかげ": 0.03730405205667808,
    "申し込む": 0.03730405205667808,
    "パーシィ": 0.03730405205667808,
    "次男": 0.03730405205667808,
    "レディング": 0.03730405205667808,
    "クレイン": 0.03730405205667808,
    "ウォータ": 0.03730405205667808,
    "住み": 0.03730405205667808,
    "挙げる": 0.03730405205667808,
    "予定": 0.03730405205667808,
    "昨日": 0.03730405205667808,
    "西棟": 0.03730405205667808,
    "修理": 0.03730405205667808,
    "始まる": 0.03730405205667808,
    "やむ": 0.03730405205667808,
    "昨夜": 0.03730405205667808,
    "先触れ": 0.03730405205667808,
    "飛び起きる": 0.03730405205667808,
    "見あたる": 0.03730405205667808,
    "着替える": 0.03730405205667808,
    "夜明け": 0.03730405205667808,
    "抜け出す": 0.03730405205667808,
    "向かい": 0.03730405205667808,
    "旅館": 0.03730405205667808,
    "駆けつける": 0.03730405205667808,
    "助け": 0.03730405205667808,
    "寝台": 0.03537195094663797,
    "いう": 0.03178854567052813,
    "暮らす": 0.031115237944535717,
    "現れる": 0.031115237944535717,
    "得る": 0.031115237944535717,
    "移る": 0.031115237944535717,
    "眠れる": 0.031115237944535717,
    "離れる": 0.031115237944535717,
    "静けさ": 0.031115237944535717,
    "イン": 0.031115237944535717,
    "二輪": 0.031115237944535717,
    "頼む": 0.031115237944535717,
    "賢明だ": 0.031115237944535717,
    "行動": 0.031115237944535717,
    "隠す": 0.031115237944535717,
    "横": 0.027495013764998532,
    "振る": 0.027495013764998532,
    "そば": 0.027495013764998532,
    "反対": 0.027495013764998532,
    "ふるえる": 0.027495013764998532,
    "クラウン": 0.027495013764998532,
    "駅": 0.027495013764998532,
    "お嬢さん": 0.027495013764998532,
    "なる": 0.02509759121621722,
    "深い": 0.024926423832393345,
    "まいる": 0.024926423832393345,
    "最期": 0.024926423832393345,
    "真夜": 0.024926423832393345,
    "レザヘッド": 0.024926423832393345,
    "今朝": 0.024926423832393345,
    "願い": 0.024926423832393345,
    "父親": 0.024926423832393345,
    "部屋": 0.024015008683780883,
    "よい": 0.02293407069565933,
    "結婚": 0.02293407069565933,
    "屋敷": 0.02293407069565933,
    "馬車": 0.02293407069565933,
    "風": 0.021306199652856166,
    "くださる": 0.021306199652856166,
    "友人": 0.021306199652856166,
    "開く": 0.021306199652856166,
    "死": 0.021306199652856166,
    "ランプ": 0.021306199652856166,
    "戻る": 0.021306199652856166,
    "来る": 0.021306199652856166,
    "父": 0.019929854297255644,
    "亡くなる": 0.019929854297255644,
    "使う": 0.019929854297255644,
    "低い": 0.019929854297255644,
    "聞こえる": 0.019929854297255644,
    "参る": 0.019929854297255644,
    "事件": 0.018737609720250983,
    "致す": 0.018737609720250983,
    "寝室": 0.018737609720250983,
    "壁": 0.018737609720250983,
    "穴": 0.018737609720250983,
    "考える": 0.018737609720250983,
    "口笛": 0.018737609720250983,
    "分かる": 0.017685975473318984,
    "いる": 0.017685975473318984,
    "つける": 0.017685975473318984,
    "ある": 0.01254879560810861,
    "ホームズ": 0.01101441831412058
}