{
    "誤る": 0.07203541086806803,
    "危険だ": 0.053093819684135096,
    "蛇": 0.053093819684135096,
    "綱": 0.04813378395220785,
    "伝う": 0.04802360724537868,
    "寝台": 0.045536304666936235,
    "話す": 0.0353958797894234,
    "姿": 0.0353958797894234,
    "いる": 0.03415222850020218,
    "僕": 0.03415222850020218,
    "婦人": 0.03208918930147189,
    "いい": 0.03208918930147189,
    "いう": 0.030692388923268536,
    "博士": 0.02781214608424843,
    "死": 0.027428670817470007,
    "通風": 0.027428670817470007,
    "使う": 0.025656823922903818,
    "ある": 0.02423215703634766,
    "なる": 0.02423215703634766,
    "考える": 0.024121980329518504,
    "真相": 0.02401180362268934,
    "簡単だ": 0.02401180362268934,
    "早朝": 0.02401180362268934,
    "善良だ": 0.02401180362268934,
    "送り届ける": 0.02401180362268934,
    "取り扱い": 0.02401180362268934,
    "結論づける": 0.02401180362268934,
    "腑に落ちる": 0.02401180362268934,
    "翌日": 0.02401180362268934,
    "車中": 0.02401180362268934,
    "推定": 0.02401180362268934,
    "下す": 0.02401180362268934,
    "不十分だ": 0.02401180362268934,
    "データ": 0.02401180362268934,
    "一例": 0.02401180362268934,
    "哀れだ": 0.02401180362268934,
    "口走る": 0.02401180362268934,
    "表す": 0.02401180362268934,
    "追いやる": 0.02401180362268934,
    "幸いだ": 0.02401180362268934,
    "直せる": 0.02401180362268934,
    "おびやかす": 0.02401180362268934,
    "注意": 0.02401180362268934,
    "橋渡し": 0.02401180362268934,
    "浮かぶ": 0.02401180362268934,
    "よぎる": 0.02401180362268934,
    "取り寄せる": 0.02401180362268934,
    "信憑性": 0.02401180362268934,
    "毒物": 0.02401180362268934,
    "試験": 0.02401180362268934,
    "検出": 0.02401180362268934,
    "東方": 0.02401180362268934,
    "悪知恵": 0.02401180362268934,
    "即効": 0.02401180362268934,
    "毒牙": 0.02401180362268934,
    "食い込む": 0.02401180362268934,
    "傷": 0.02401180362268934,
    "かぎり": 0.02401180362268934,
    "当然だ": 0.02401180362268934,
    "ばれる": 0.02401180362268934,
    "いけない": 0.02401180362268934,
    "呼び戻す": 0.02401180362268934,
    "訓練": 0.02401180362268934,
    "頃合い": 0.02401180362268934,
    "見計らう": 0.02401180362268934,
    "下りる": 0.02401180362268934,
    "犠牲": 0.02401180362268934,
    "悲劇": 0.020028199136712645,
    "告げる": 0.020028199136712645,
    "叔母": 0.020028199136712645,
    "ペット": 0.020028199136712645,
    "事故": 0.020028199136712645,
    "帰り": 0.020028199136712645,
    "行う": 0.020028199136712645,
    "人物": 0.020028199136712645,
    "垂れ下がる": 0.020028199136712645,
    "向ける": 0.020028199136712645,
    "固定": 0.020028199136712645,
    "動物": 0.020028199136712645,
    "合わせる": 0.020028199136712645,
    "毒": 0.020028199136712645,
    "利く": 0.020028199136712645,
    "見逃す": 0.020028199136712645,
    "朝": 0.020028199136712645,
    "毒蛇": 0.020028199136712645,
    "噛む": 0.020028199136712645,
    "限る": 0.020028199136712645,
    "避ける": 0.020028199136712645,
    "遅い": 0.020028199136712645,
    "ふるえる": 0.0176979398947117,
    "ハロウ": 0.0176979398947117,
    "警察": 0.0176979398947117,
    "調べ": 0.0176979398947117,
    "かかる": 0.0176979398947117,
    "教える": 0.0176979398947117,
    "推理": 0.0176979398947117,
    "方向": 0.0176979398947117,
    "飾り": 0.0176979398947117,
    "仕事": 0.0176979398947117,
    "黒い": 0.0176979398947117,
    "検視": 0.0176979398947117,
    "官": 0.0176979398947117,
    "牛乳": 0.0176979398947117,
    "向かう": 0.0176979398947117,
    "毎晩": 0.0176979398947117,
    "うまい": 0.0176979398947117,
    "早い": 0.0176979398947117,
    "違いない": 0.0176979398947117,
    "汽車": 0.016044594650735947,
    "擦る": 0.016044594650735947,
    "言える": 0.016044594650735947,
    "扉": 0.016044594650735947,
    "知る": 0.016044594650735947,
    "考え": 0.016044594650735947,
    "残る": 0.016044594650735947,
    "相手": 0.016044594650735947,
    "呼ぶ": 0.016044594650735947,
    "ロマ": 0.01476216044778072,
    "マッチ": 0.01476216044778072,
    "インド": 0.01476216044778072,
    "ふた": 0.01476216044778072,
    "長い": 0.013714335408735004,
    "ひも": 0.013714335408735004,
    "言葉": 0.013714335408735004,
    "床": 0.013714335408735004,
    "戻る": 0.013714335408735004,
    "ストーク": 0.012828411961451909,
    "モラン": 0.012828411961451909,
    "グリムズビ": 0.012828411961451909,
    "あいだ": 0.012828411961451909,
    "穴": 0.012060990164759252,
    "頭": 0.012060990164759252,
    "口笛": 0.012060990164759252,
    "入る": 0.010778555961804022,
    "言う": 0.010778555961804022,
    "窓": 0.010230796307756179,
    "出る": 0.010230796307756179,
    "ロイロット": 0.009730730922758307,
    "見る": 0.009270715361416144,
    "の": 0.008077385678782554,
    "部屋": 0.007728968312021434,
    "ホームズ": 0.007089740524031638
}