{
    "いく": 0.09051705583864937,
    "引き綱": 0.07251323296696247,
    "部屋": 0.06986184344372622,
    "通風": 0.06198167171739977,
    "大工": 0.054260439355168125,
    "あける": 0.054260439355168125,
    "外気": 0.054260439355168125,
    "最近": 0.054260439355168125,
    "そのほか": 0.054260439355168125,
    "非常だ": 0.054260439355168125,
    "興味深い": 0.054260439355168125,
    "特徴": 0.054260439355168125,
    "広い": 0.054260439355168125,
    "折りたたみ": 0.054260439355168125,
    "医学": 0.054260439355168125,
    "詰まる": 0.054260439355168125,
    "木製": 0.054260439355168125,
    "本棚": 0.054260439355168125,
    "肘掛": 0.054260439355168125,
    "粗末だ": 0.054260439355168125,
    "円卓": 0.054260439355168125,
    "関心": 0.054260439355168125,
    "寝台": 0.05145011046783705,
    "入る": 0.048713473697503895,
    "椅子": 0.048713473697503895,
    "つぶやく": 0.045258527919324686,
    "引っ張る": 0.045258527919324686,
    "直す": 0.045258527919324686,
    "内側": 0.045258527919324686,
    "家具": 0.045258527919324686,
    "同様だ": 0.045258527919324686,
    "質素だ": 0.045258527919324686,
    "わき": 0.045258527919324686,
    "とまる": 0.045258527919324686,
    "奇妙だ": 0.03999274729454332,
    "飾り": 0.03999274729454332,
    "調べ": 0.03999274729454332,
    "娘": 0.03999274729454332,
    "寄せる": 0.03999274729454332,
    "ある": 0.03650558722358869,
    "妙だ": 0.03625661648348123,
    "綱": 0.03625661648348123,
    "ございます": 0.03625661648348123,
    "よろしい": 0.03625661648348123,
    "大きい": 0.03625661648348123,
    "歩く": 0.03625661648348123,
    "回る": 0.03625661648348123,
    "隣": 0.033358648284595394,
    "金庫": 0.033358648284595394,
    "ホームズ": 0.0320419441865326,
    "風": 0.030990835858699883,
    "強い": 0.030990835858699883,
    "同じだ": 0.028988878977826395,
    "参る": 0.028988878977826395,
    "グリムズビ": 0.028988878977826395,
    "立つ": 0.028988878977826395,
    "持つ": 0.028988878977826395,
    "考える": 0.027254705047637794,
    "穴": 0.027254705047637794,
    "寝室": 0.027254705047637794,
    "壁": 0.027254705047637794,
    "調べる": 0.027254705047637794,
    "ストーナ": 0.024356736848751948,
    "できる": 0.024356736848751948,
    "ロイロット": 0.021988924422856434,
    "博士": 0.020949408738784533
}