{
    "僕": 0.05659512151462075,
    "部屋": 0.05379361945166918,
    "ストーナ": 0.05358482106725428,
    "嬢": 0.05279042642879719,
    "ホームズ": 0.0493445940472602,
    "明かす": 0.047749186632547944,
    "鞭": 0.04403341573566592,
    "普通だ": 0.03982750456900572,
    "言う": 0.03215089264035257,
    "考え": 0.031905822505463484,
    "いたす": 0.031905822505463484,
    "父親": 0.031905822505463484,
    "いただく": 0.029355610490443947,
    "芝地": 0.029355610490443947,
    "開く": 0.027271935555655893,
    "使う": 0.025510213500487225,
    "の": 0.024093687567568533,
    "なる": 0.024093687567568533,
    "ある": 0.024093687567568533,
    "頭": 0.023984140441921258,
    "夜": 0.023984140441921258,
    "見える": 0.023984140441921258,
    "音": 0.023984140441921258,
    "感謝": 0.023874593316273972,
    "しまう": 0.023874593316273972,
    "妖": 0.023874593316273972,
    "な": 0.023874593316273972,
    "とらえる": 0.023874593316273972,
    "犬": 0.023874593316273972,
    "丸い": 0.023874593316273972,
    "世": 0.023874593316273972,
    "末": 0.023874593316273972,
    "知恵": 0.023874593316273972,
    "末恐ろしい": 0.023874593316273972,
    "しかめる": 0.023874593316273972,
    "眉": 0.023874593316273972,
    "根": 0.023874593316273972,
    "現場": 0.023874593316273972,
    "連れだつ": 0.023874593316273972,
    "何度": 0.023874593316273972,
    "事態": 0.023874593316273972,
    "切迫": 0.023874593316273972,
    "守る": 0.023874593316273972,
    "保証": 0.023874593316273972,
    "委ねる": 0.023874593316273972,
    "驚き": 0.023874593316273972,
    "痛い": 0.023874593316273972,
    "掛け金": 0.023874593316273972,
    "一晩": 0.023874593316273972,
    "我慢": 0.023874593316273972,
    "一夜": 0.023874593316273972,
    "正体": 0.023874593316273972,
    "突き止める": 0.023874593316273972,
    "確固たる": 0.023874593316273972,
    "合う": 0.023874593316273972,
    "あまり": 0.023874593316273972,
    "かける": 0.0226380486058483,
    "わたくし": 0.021433928426901713,
    "窓": 0.020344669229138,
    "懐": 0.01991375228450286,
    "角": 0.01991375228450286,
    "悪事": 0.01991375228450286,
    "見せる": 0.01991375228450286,
    "離れる": 0.01991375228450286,
    "邪魔": 0.01991375228450286,
    "命": 0.01991375228450286,
    "下がる": 0.01991375228450286,
    "引き取る": 0.01991375228450286,
    "合図": 0.01991375228450286,
    "いただける": 0.01991375228450286,
    "大丈夫だ": 0.01991375228450286,
    "任せる": 0.01991375228450286,
    "悩む": 0.01991375228450286,
    "袖": 0.01991375228450286,
    "死因": 0.01991375228450286,
    "申し上げる": 0.01991375228450286,
    "証拠": 0.01991375228450286,
    "拡大": 0.01759680880959906,
    "鏡": 0.01759680880959906,
    "寄せる": 0.01759680880959906,
    "宿屋": 0.01759680880959906,
    "クラウン": 0.01759680880959906,
    "外す": 0.01759680880959906,
    "必要だ": 0.01759680880959906,
    "見当": 0.01759680880959906,
    "付く": 0.01759680880959906,
    "服": 0.01759680880959906,
    "つかむ": 0.01759680880959906,
    "姉": 0.01758853143694499,
    "結ぶ": 0.015952911252731742,
    "人間": 0.015952911252731742,
    "よろしい": 0.015952911252731742,
    "きつい": 0.015952911252731742,
    "終わる": 0.015952911252731742,
    "なさる": 0.015952911252731742,
    "願い": 0.015952911252731742,
    "見つめる": 0.014677805245221973,
    "説明": 0.014677805245221973,
    "結構だ": 0.014677805245221973,
    "静かだ": 0.014677805245221973,
    "恐怖": 0.014677805245221973,
    "上がる": 0.013635967777827947,
    "ワトソン": 0.013635967777827947,
    "友人": 0.013635967777827947,
    "ほど": 0.013635967777827947,
    "顔": 0.013635967777827947,
    "行く": 0.013635967777827947,
    "待つ": 0.013635967777827947,
    "身": 0.013635967777827947,
    "鎧戸": 0.013635967777827947,
    "ランプ": 0.013635967777827947,
    "くださる": 0.013635967777827947,
    "立つ": 0.012755106750243612,
    "申す": 0.012755106750243612,
    "帰る": 0.012755106750243612,
    "聞こえる": 0.012755106750243612,
    "出す": 0.012755106750243612,
    "亡くなる": 0.012755106750243612,
    "事件": 0.011992070220960629,
    "壁": 0.011992070220960629,
    "穴": 0.011992070220960629,
    "寝台": 0.01131902430292415,
    "できる": 0.010716964213450857,
    "出る": 0.010172334614569,
    "思う": 0.00967512674605683,
    "ない": 0.008794265718472496
}