{
    "吹く": 0.1290706166588148,
    "姉": 0.11399974079501383,
    "寝室": 0.07772638106178185,
    "口笛": 0.07772638106178185,
    "当夜": 0.07737136722866565,
    "吸う": 0.07737136722866565,
    "臭い": 0.07737136722866565,
    "婚礼": 0.07737136722866565,
    "立ち止まる": 0.07737136722866565,
    "振り返る": 0.07737136722866565,
    "当たり前だ": 0.07737136722866565,
    "わたくし": 0.06946180508718147,
    "庭": 0.0645353083294074,
    "下がる": 0.0645353083294074,
    "休む": 0.0645353083294074,
    "煙草": 0.0645353083294074,
    "悩む": 0.0645353083294074,
    "自室": 0.0645353083294074,
    "迫る": 0.0645353083294074,
    "十一": 0.0645353083294074,
    "戸口": 0.0645353083294074,
    "早い": 0.05702669521629325,
    "眠る": 0.05702669521629325,
    "よる": 0.05169924943014916,
    "きつい": 0.05169924943014916,
    "ヘレン": 0.05169924943014916,
    "真夜": 0.05169924943014916,
    "芝地": 0.047566961442848985,
    "インド": 0.047566961442848985,
    "ひどい": 0.047566961442848985,
    "隣": 0.047566961442848985,
    "上がる": 0.044190636317035015,
    "父": 0.041335994098011704,
    "参る": 0.041335994098011704,
    "帰る": 0.041335994098011704,
    "立つ": 0.041335994098011704,
    "申す": 0.041335994098011704,
    "見える": 0.03886319053089093,
    "事件": 0.03886319053089093,
    "聞く": 0.03886319053089093,
    "窓": 0.03296589921388102,
    "出る": 0.03296589921388102,
    "ロイロット": 0.031354577417776766,
    "思う": 0.031354577417776766,
    "なる": 0.026027131631632672,
    "の": 0.026027131631632672,
    "部屋": 0.024904453449846844
}