{
    "引き綱": 0.1102010316800548,
    "呼び鈴": 0.10994878500915645,
    "床": 0.09419583004420622,
    "通じる": 0.09170806973126316,
    "動く": 0.07346735445336987,
    "調べる": 0.05522663917547658,
    "壁": 0.05522663917547658,
    "ふとい": 0.05497439250457822,
    "枕": 0.05497439250457822,
    "房": 0.05497439250457822,
    "乗っかる": 0.05497439250457822,
    "立派だ": 0.05497439250457822,
    "不必要だ": 0.05497439250457822,
    "確認": 0.05497439250457822,
    "くばる": 0.05497439250457822,
    "前後": 0.05497439250457822,
    "床板": 0.05497439250457822,
    "細かい": 0.05497439250457822,
    "すむ": 0.05497439250457822,
    "木材": 0.05497439250457822,
    "つくす": 0.05497439250457822,
    "歩み寄る": 0.05497439250457822,
    "最後だ": 0.05497439250457822,
    "思い切る": 0.05497439250457822,
    "針金": 0.05497439250457822,
    "つながる": 0.05497439250457822,
    "換気": 0.05497439250457822,
    "かぎ針": 0.05497439250457822,
    "訳": 0.05497439250457822,
    "寝台": 0.05212708560557174,
    "つける": 0.05212708560557174,
    "垂れ下がる": 0.04585403486563158,
    "指さす": 0.04585403486563158,
    "家政": 0.04585403486563158,
    "新しい": 0.04585403486563158,
    "近づける": 0.04585403486563158,
    "隙間": 0.04585403486563158,
    "眺める": 0.04585403486563158,
    "引っ張る": 0.04585403486563158,
    "面白い": 0.04585403486563158,
    "ごらん": 0.04585403486563158,
    "気づく": 0.04585403486563158,
    "そば": 0.04051896765368205,
    "太い": 0.04051896765368205,
    "拡大": 0.04051896765368205,
    "鏡": 0.04051896765368205,
    "つかむ": 0.04051896765368205,
    "飾り": 0.04051896765368205,
    "鳴る": 0.04051896765368205,
    "綱": 0.036733677226684934,
    "結ぶ": 0.036733677226684934,
    "見つめる": 0.03379757786728744,
    "回す": 0.03379757786728744,
    "わかる": 0.03379757786728744,
    "ホームズ": 0.03246354871530276,
    "待つ": 0.0313986100147354,
    "くださる": 0.0313986100147354,
    "持つ": 0.029370311595955687,
    "同じだ": 0.029370311595955687,
    "致す": 0.02761331958773829,
    "頭": 0.02761331958773829,
    "穴": 0.02761331958773829,
    "姉": 0.020249953957009036,
    "部屋": 0.017695269556470127
}