{
    "発": 0.09604721449075736,
    "博士": 0.07416572289132915,
    "聞く": 0.07236594098855552,
    "音": 0.07236594098855552,
    "僕": 0.06830445700040436,
    "結果": 0.06417837860294379,
    "金庫": 0.05904864179112288,
    "通風": 0.054857341634940014,
    "たどり着く": 0.04802360724537868,
    "届く": 0.04802360724537868,
    "疑問": 0.04802360724537868,
    "戻す": 0.04802360724537868,
    "煮る": 0.04802360724537868,
    "詰める": 0.04802360724537868,
    "握る": 0.04802360724537868,
    "生き物": 0.04802360724537868,
    "失せる": 0.04802360724537868,
    "飼い主": 0.04802360724537868,
    "痛めつける": 0.04802360724537868,
    "本性": 0.04802360724537868,
    "むき出しだ": 0.04802360724537868,
    "最初だ": 0.04802360724537868,
    "間接": 0.04802360724537868,
    "責任": 0.04802360724537868,
    "良心": 0.04802360724537868,
    "呵責": 0.04802360724537868,
    "結論": 0.04005639827342529,
    "皿": 0.04005639827342529,
    "残す": 0.04005639827342529,
    "金属": 0.04005639827342529,
    "怪物": 0.04005639827342529,
    "証拠": 0.04005639827342529,
    "行動": 0.04005639827342529,
    "移る": 0.04005639827342529,
    "立てる": 0.04005639827342529,
    "食らう": 0.04005639827342529,
    "逃げる": 0.04005639827342529,
    "とまる": 0.04005639827342529,
    "かみつく": 0.04005639827342529,
    "必要だ": 0.0353958797894234,
    "牛乳": 0.0353958797894234,
    "大急ぎだ": 0.0353958797894234,
    "相違": 0.0353958797894234,
    "蛇": 0.0353958797894234,
    "反対": 0.0353958797894234,
    "向かう": 0.0353958797894234,
    "杖": 0.0353958797894234,
    "返す": 0.0353958797894234,
    "ない": 0.03537922990190085,
    "結ぶ": 0.03208918930147189,
    "閉める": 0.03208918930147189,
    "考え": 0.03208918930147189,
    "通り": 0.03208918930147189,
    "擦る": 0.03208918930147189,
    "人間": 0.03208918930147189,
    "言える": 0.03208918930147189,
    "感じる": 0.03208918930147189,
    "鞭": 0.02952432089556144,
    "マッチ": 0.02952432089556144,
    "引く": 0.02952432089556144,
    "上がる": 0.027428670817470007,
    "戸": 0.027428670817470007,
    "死": 0.027428670817470007,
    "調べる": 0.024121980329518504,
    "分かる": 0.022768152333468118,
    "入る": 0.021557111923608045,
    "椅子": 0.021557111923608045,
    "ストーナ": 0.021557111923608045,
    "見る": 0.018541430722832288,
    "の": 0.016154771357565108,
    "なる": 0.016154771357565108,
    "ある": 0.016154771357565108,
    "部屋": 0.015457936624042868
}