{
    "通風": 0.04971446585666439,
    "危険だ": 0.03849301927099795,
    "小さい": 0.03489699336535069,
    "少年": 0.034817115252899544,
    "ゆく": 0.034817115252899544,
    "巧妙だ": 0.034817115252899544,
    "犯罪": 0.034817115252899544,
    "寝台": 0.03301382088352877,
    "君": 0.032107698973923064,
    "行く": 0.029828679513998636,
    "ある": 0.029280523085586756,
    "博士": 0.026885074548106815,
    "居間": 0.025662012847331963,
    "付く": 0.025662012847331963,
    "僕": 0.02476036566264658,
    "できる": 0.02344335921692375,
    "言う": 0.02344335921692375,
    "の": 0.023424418468469405,
    "妙だ": 0.023264662243567123,
    "引き綱": 0.023264662243567123,
    "綱": 0.023264662243567123,
    "馬車": 0.021405132649282045,
    "ロイロット": 0.021164339756999318,
    "ホームズ": 0.02056024751969175,
    "ワトソン": 0.019885786342665756,
    "来る": 0.019885786342665756,
    "帰る": 0.01860119734410527,
    "ストーク": 0.01860119734410527,
    "モラン": 0.01860119734410527,
    "見える": 0.017488435738900916,
    "声": 0.017488435738900916,
    "判然たる": 0.017408557626449772,
    "暇だ": 0.017408557626449772,
    "失礼": 0.017408557626449772,
    "持ち": 0.017408557626449772,
    "取り除く": 0.017408557626449772,
    "つき": 0.017408557626449772,
    "手配": 0.017408557626449772,
    "陣取る": 0.017408557626449772,
    "領主": 0.017408557626449772,
    "門": 0.017408557626449772,
    "いたる": 0.017408557626449772,
    "見通す": 0.017408557626449772,
    "夕暮れ": 0.017408557626449772,
    "帰宅": 0.017408557626449772,
    "比べる": 0.017408557626449772,
    "巨体": 0.017408557626449772,
    "鉄門": 0.017408557626449772,
    "荒々しい": 0.017408557626449772,
    "怒鳴り": 0.017408557626449772,
    "握り拳": 0.017408557626449772,
    "走る": 0.017408557626449772,
    "縫う": 0.017408557626449772,
    "だす": 0.017408557626449772,
    "暮れる": 0.017408557626449772,
    "腰掛ける": 0.017408557626449772,
    "今晩": 0.017408557626449772,
    "ためらう": 0.017408557626449772,
    "お邪魔": 0.017408557626449772,
    "助かる": 0.017408557626449772,
    "不自然だ": 0.017408557626449772,
    "ネズミ": 0.017408557626449772,
    "踏む": 0.017408557626449772,
    "本気だ": 0.017408557626449772,
    "匂う": 0.017408557626449772,
    "答え": 0.017408557626449772,
    "害": 0.017408557626449772,
    "時期": 0.017408557626449772,
    "一致": 0.017408557626449772,
    "作る": 0.017408557626449772,
    "つるす": 0.017408557626449772,
    "寝る": 0.017408557626449772,
    "つながり": 0.017408557626449772,
    "金具": 0.017408557626449772,
    "動かせる": 0.017408557626449772,
    "位置": 0.017408557626449772,
    "対する": 0.017408557626449772,
    "おぼろげだ": 0.017408557626449772,
    "瀬戸際": 0.017408557626449772,
    "食い止める": 0.017408557626449772,
    "一流": 0.017408557626449772,
    "パーマ": 0.017408557626449772,
    "プリチャド": 0.017408557626449772,
    "筆頭": 0.017408557626449772,
    "パイプ": 0.017408557626449772,
    "くわえる": 0.017408557626449772,
    "気分": 0.017408557626449772,
    "転換": 0.017408557626449772,
    "部屋": 0.01681050607864662,
    "いる": 0.016506910441764385,
    "分かる": 0.016506910441764385,
    "いう": 0.014834654646246458,
    "違う": 0.014520444374116669,
    "知れる": 0.014520444374116669,
    "台無しだ": 0.014520444374116669,
    "いただける": 0.014520444374116669,
    "迫る": 0.014520444374116669,
    "イン": 0.014520444374116669,
    "館": 0.014520444374116669,
    "住居": 0.014520444374116669,
    "覆う": 0.014520444374116669,
    "灯す": 0.014520444374116669,
    "木立": 0.014520444374116669,
    "連れる": 0.014520444374116669,
    "決まり": 0.014520444374116669,
    "ありがたい": 0.014520444374116669,
    "見逃す": 0.014520444374116669,
    "思える": 0.014520444374116669,
    "思い出す": 0.014520444374116669,
    "煙草": 0.014520444374116669,
    "通じる": 0.014520444374116669,
    "気づく": 0.014520444374116669,
    "導く": 0.014520444374116669,
    "女性": 0.014520444374116669,
    "別だ": 0.014520444374116669,
    "固定": 0.014520444374116669,
    "悪事": 0.014520444374116669,
    "行う": 0.014520444374116669,
    "思う": 0.014109559837999545,
    "見る": 0.013442537274053408,
    "原因": 0.012831006423665981,
    "安心": 0.012831006423665981,
    "宿屋": 0.012831006423665981,
    "クラウン": 0.012831006423665981,
    "棟": 0.012831006423665981,
    "御者": 0.012831006423665981,
    "重い": 0.012831006423665981,
    "怒る": 0.012831006423665981,
    "振る": 0.012831006423665981,
    "黄色い": 0.012831006423665981,
    "漏れる": 0.012831006423665981,
    "推理": 0.012831006423665981,
    "変わる": 0.012831006423665981,
    "見当": 0.012831006423665981,
    "通れる": 0.012831006423665981,
    "お嬢さん": 0.012831006423665981,
    "違いない": 0.012831006423665981,
    "検視": 0.012831006423665981,
    "官": 0.012831006423665981,
    "奇妙だ": 0.012831006423665981,
    "鳴る": 0.012831006423665981,
    "張る": 0.012831006423665981,
    "医師": 0.012831006423665981,
    "抜ける": 0.012831006423665981,
    "ない": 0.012824970839439058,
    "なる": 0.011712209234234702,
    "いたす": 0.011632331121783562,
    "開ける": 0.011632331121783562,
    "いい": 0.011632331121783562,
    "まえ": 0.011632331121783562,
    "婦人": 0.011632331121783562,
    "呼ぶ": 0.011632331121783562,
    "相手": 0.011632331121783562,
    "終わる": 0.011632331121783562,
    "シャー": 0.010702566324641023,
    "ロック": 0.010702566324641023,
    "回す": 0.010702566324641023,
    "引く": 0.010702566324641023,
    "恐ろしい": 0.010702566324641023,
    "静かだ": 0.010702566324641023,
    "強い": 0.009942893171332878,
    "言葉": 0.009942893171332878,
    "ランプ": 0.009942893171332878,
    "光": 0.009942893171332878,
    "床": 0.009942893171332878,
    "グリムズビ": 0.009300598672052634,
    "聞こえる": 0.009300598672052634,
    "あいだ": 0.009300598672052634,
    "亡くなる": 0.009300598672052634,
    "同じだ": 0.009300598672052634,
    "寝室": 0.008744217869450458,
    "穴": 0.008744217869450458,
    "調べる": 0.008744217869450458,
    "夜": 0.008744217869450458,
    "ストーナ": 0.007814453072307916,
    "椅子": 0.007814453072307916,
    "窓": 0.007417327323123229,
    "姉": 0.006412485419719529
}