{
    "ホームズ": 0.0817455624276901,
    "匂い": 0.050337997955999345,
    "悲鳴": 0.050337997955999345,
    "消える": 0.041986827105879525,
    "静けさ": 0.041986827105879525,
    "聞こえる": 0.040339946047457206,
    "続く": 0.03710170532144381,
    "耳": 0.03710170532144381,
    "打つ": 0.03710170532144381,
    "きつい": 0.0336356562557597,
    "擦る": 0.0336356562557597,
    "マッチ": 0.03094717973390175,
    "通風": 0.028750534471323988,
    "光": 0.028750534471323988,
    "顔": 0.028750534471323988,
    "の": 0.025399971833280077,
    "聞く": 0.02528448540563988,
    "見える": 0.02528448540563988,
    "声": 0.02528448540563988,
    "油": 0.025168998977999672,
    "熱する": 0.025168998977999672,
    "手提げ": 0.025168998977999672,
    "気配": 0.025168998977999672,
    "静まる": 0.025168998977999672,
    "半": 0.025168998977999672,
    "澄ませる": 0.025168998977999672,
    "唐突だ": 0.025168998977999672,
    "柔らかだ": 0.025168998977999672,
    "穏やかだ": 0.025168998977999672,
    "薬缶": 0.025168998977999672,
    "湯気": 0.025168998977999672,
    "噴き出す": 0.025168998977999672,
    "刹那": 0.025168998977999672,
    "飛び上がる": 0.025168998977999672,
    "一閃": 0.025168998977999672,
    "澄む": 0.025168998977999672,
    "突然だ": 0.025168998977999672,
    "まぶしい": 0.025168998977999672,
    "据える": 0.025168998977999672,
    "見定める": 0.025168998977999672,
    "青ざめる": 0.025168998977999672,
    "嫌悪": 0.025168998977999672,
    "ゆがむ": 0.025168998977999672,
    "やめる": 0.025168998977999672,
    "見上げる": 0.025168998977999672,
    "破る": 0.025168998977999672,
    "この世": 0.025168998977999672,
    "苦しみ": 0.025168998977999672,
    "恐れ": 0.025168998977999672,
    "入り交じる": 0.025168998977999672,
    "断末魔": 0.025168998977999672,
    "叫び": 0.025168998977999672,
    "通り越す": 0.025168998977999672,
    "牧師": 0.025168998977999672,
    "肝": 0.025168998977999672,
    "冷やす": 0.025168998977999672,
    "立ちすくむ": 0.025168998977999672,
    "知らせ": 0.025168998977999672,
    "結末": 0.025168998977999672,
    "最善だ": 0.025168998977999672,
    "面持ち": 0.025168998977999672,
    "取っ手": 0.025168998977999672,
    "引き金": 0.025168998977999672,
    "部屋": 0.02430434613780234,
    "つける": 0.023865412686888268,
    "入る": 0.022596008883781927,
    "燃える": 0.020993413552939762,
    "金属": 0.020993413552939762,
    "別だ": 0.020993413552939762,
    "物音": 0.020993413552939762,
    "かすかだ": 0.020993413552939762,
    "食らう": 0.020993413552939762,
    "叫ぶ": 0.020993413552939762,
    "瞬間": 0.020993413552939762,
    "なれる": 0.020993413552939762,
    "しゃがむ": 0.020993413552939762,
    "怒り": 0.020993413552939762,
    "遠く": 0.020993413552939762,
    "館": 0.020993413552939762,
    "人々": 0.020993413552939762,
    "眠り": 0.020993413552939762,
    "覚ます": 0.020993413552939762,
    "拳銃": 0.020993413552939762,
    "深刻だ": 0.020993413552939762,
    "返事": 0.020993413552939762,
    "思う": 0.02039936362120416,
    "見る": 0.019434993649233845,
    "漏れる": 0.018550852660721904,
    "杖": 0.018550852660721904,
    "闇": 0.018550852660721904,
    "息": 0.018550852660721904,
    "呑む": 0.018550852660721904,
    "答える": 0.018550852660721904,
    "進む": 0.018550852660721904,
    "指": 0.018550852660721904,
    "動く": 0.01681782812787985,
    "残る": 0.01681782812787985,
    "引き綱": 0.01681782812787985,
    "大きい": 0.01681782812787985,
    "終わる": 0.01681782812787985,
    "まえ": 0.01681782812787985,
    "扉": 0.01681782812787985,
    "隣": 0.015473589866950875,
    "静かだ": 0.015473589866950875,
    "ひどい": 0.015473589866950875,
    "恐怖": 0.015473589866950875,
    "見つめる": 0.015473589866950875,
    "廊下": 0.015473589866950875,
    "叩く": 0.015473589866950875,
    "回す": 0.015473589866950875,
    "ワトソン": 0.014375267235661994,
    "戻る": 0.014375267235661994,
    "行く": 0.014375267235661994,
    "ランプ": 0.014375267235661994,
    "あいだ": 0.013446648682485737,
    "低い": 0.013446648682485737,
    "しれる": 0.013446648682485737,
    "持つ": 0.013446648682485737,
    "立つ": 0.013446648682485737,
    "音": 0.01264224270281994,
    "口笛": 0.01264224270281994,
    "夜": 0.01264224270281994,
    "寝台": 0.011932706343444134,
    "かける": 0.011932706343444134,
    "できる": 0.011298004441890963,
    "いう": 0.010723846732226356,
    "ロイロット": 0.01019968181060208,
    "博士": 0.009717496824616922,
    "ない": 0.009271063257425825,
    "なる": 0.008466657277760027
}