{
    "わたくし": 0.07707405769947533,
    "母": 0.0716076708860548,
    "父": 0.04586596605395819,
    "一族": 0.04292521058576656,
    "なる": 0.03850589337282642,
    "ロイロット": 0.03479069549095778,
    "ございます": 0.028682460300288235,
    "西": 0.028616807057177705,
    "開業": 0.028616807057177705,
    "内地": 0.028616807057177705,
    "代々": 0.028616807057177705,
    "生活": 0.028616807057177705,
    "血筋": 0.028616807057177705,
    "戻る": 0.024516722888218056,
    "ある": 0.024066183358016514,
    "義理": 0.023869223628684932,
    "地所": 0.023869223628684932,
    "村人": 0.023869223628684932,
    "ストーク": 0.022932983026979097,
    "モラン": 0.022932983026979097,
    "一緒だ": 0.021092065353971477,
    "住む": 0.021092065353971477,
    "いたす": 0.019121640200192157,
    "恐ろしい": 0.017593259711738665,
    "わかる": 0.017593259711738665,
    "屋敷": 0.017593259711738665,
    "インド": 0.017593259711738665,
    "結婚": 0.017593259711738665,
    "博士": 0.016572991159791873,
    "長い": 0.0163444819254787,
    "致す": 0.014374056771699383,
    "事件": 0.014374056771699383,
    "些細だ": 0.014308403528588852,
    "つまらない": 0.014308403528588852,
    "頼り": 0.014308403528588852,
    "神経質だ": 0.014308403528588852,
    "たわ言": 0.014308403528588852,
    "くらい": 0.014308403528588852,
    "なだめる": 0.014308403528588852,
    "そらす": 0.014308403528588852,
    "潜む": 0.014308403528588852,
    "悪意": 0.014308403528588852,
    "見抜く": 0.014308403528588852,
    "近づく": 0.014308403528588852,
    "傾聴": 0.014308403528588852,
    "イングランド": 0.014308403528588852,
    "サクソン": 0.014308403528588852,
    "家系": 0.014308403528588852,
    "末裔": 0.014308403528588852,
    "果てる": 0.014308403528588852,
    "裕福だ": 0.014308403528588852,
    "北": 0.014308403528588852,
    "バークシア": 0.014308403528588852,
    "ハンプシア": 0.014308403528588852,
    "一八": 0.014308403528588852,
    "わたる": 0.014308403528588852,
    "当主": 0.014308403528588852,
    "放埒": 0.014308403528588852,
    "財産": 0.014308403528588852,
    "使い果たす": 0.014308403528588852,
    "摂政": 0.014308403528588852,
    "時代": 0.014308403528588852,
    "賭博": 0.014308403528588852,
    "崩す": 0.014308403528588852,
    "築": 0.014308403528588852,
    "二〇〇": 0.014308403528588852,
    "抵当": 0.014308403528588852,
    "始末": 0.014308403528588852,
    "先代": 0.014308403528588852,
    "無為だ": 0.014308403528588852,
    "人生": 0.014308403528588852,
    "清貧": 0.014308403528588852,
    "甘んずる": 0.014308403528588852,
    "息子": 0.014308403528588852,
    "抜け出る": 0.014308403528588852,
    "親類": 0.014308403528588852,
    "学資": 0.014308403528588852,
    "立て替える": 0.014308403528588852,
    "学位": 0.014308403528588852,
    "カルカッタ": 0.014308403528588852,
    "技術": 0.014308403528588852,
    "持ち前": 0.014308403528588852,
    "性格": 0.014308403528588852,
    "医院": 0.014308403528588852,
    "窃盗": 0.014308403528588852,
    "立て続け": 0.014308403528588852,
    "かんしゃく": 0.014308403528588852,
    "雇う": 0.014308403528588852,
    "執事": 0.014308403528588852,
    "殴り殺す": 0.014308403528588852,
    "死刑": 0.014308403528588852,
    "免れる": 0.014308403528588852,
    "禁固": 0.014308403528588852,
    "刑": 0.014308403528588852,
    "苦しめる": 0.014308403528588852,
    "せい": 0.014308403528588852,
    "すれる": 0.014308403528588852,
    "気むずかしい": 0.014308403528588852,
    "ベンガル": 0.014308403528588852,
    "砲兵": 0.014308403528588852,
    "隊": 0.014308403528588852,
    "少将": 0.014308403528588852,
    "未亡人": 0.014308403528588852,
    "再婚": 0.014308403528588852,
    "赤ん坊": 0.014308403528588852,
    "金持ち": 0.014308403528588852,
    "一〇〇〇": 0.014308403528588852,
    "収入": 0.014308403528588852,
    "譲る": 0.014308403528588852,
    "継父": 0.014308403528588852,
    "毎年": 0.014308403528588852,
    "決まる": 0.014308403528588852,
    "分ける": 0.014308403528588852,
    "クルー": 0.014308403528588852,
    "鉄道": 0.014308403528588852,
    "遭う": 0.014308403528588852,
    "亡き後": 0.014308403528588852,
    "よす": 0.014308403528588852,
    "遺産": 0.014308403528588852,
    "ゆえ": 0.014308403528588852,
    "不自由": 0.014308403528588852,
    "にわかだ": 0.014308403528588852,
    "様子": 0.014308403528588852,
    "極端だ": 0.014308403528588852,
    "嫌う": 0.014308403528588852,
    "喜ぶ": 0.014308403528588852,
    "閉じこもる": 0.014308403528588852,
    "たまだ": 0.014308403528588852,
    "外出": 0.014308403528588852,
    "会う": 0.014308403528588852,
    "喧嘩": 0.014308403528588852,
    "荒い": 0.014308403528588852,
    "熱帯": 0.014308403528588852,
    "重なる": 0.014308403528588852,
    "沙汰": 0.014308403528588852,
    "おびえる": 0.014308403528588852,
    "しまい": 0.014308403528588852,
    "あわてる": 0.014308403528588852,
    "いる": 0.013567323650765246,
    "ストーナ": 0.012845676283245889,
    "避ける": 0.011934611814342466,
    "うなずく": 0.011934611814342466,
    "土地": 0.011934611814342466,
    "送る": 0.011934611814342466,
    "取る": 0.011934611814342466,
    "起こす": 0.011934611814342466,
    "現地": 0.011934611814342466,
    "若い": 0.011934611814342466,
    "ジュリア": 0.011934611814342466,
    "双子": 0.011934611814342466,
    "遺言": 0.011934611814342466,
    "姉妹": 0.011934611814342466,
    "暮らす": 0.011934611814342466,
    "金額": 0.011934611814342466,
    "決まり": 0.011934611814342466,
    "事故": 0.011934611814342466,
    "連れる": 0.011934611814342466,
    "ご覧": 0.011934611814342466,
    "身分": 0.011934611814342466,
    "付き合う": 0.011934611814342466,
    "かかわる": 0.011934611814342466,
    "かまう": 0.011934611814342466,
    "人々": 0.011934611814342466,
    "逃げる": 0.011934611814342466,
    "思う": 0.011596898496985926,
    "見る": 0.011048660773194581,
    "話す": 0.010546032676985739,
    "始める": 0.010546032676985739,
    "他人": 0.010546032676985739,
    "心": 0.010546032676985739,
    "危険だ": 0.010546032676985739,
    "教える": 0.010546032676985739,
    "サリィ": 0.010546032676985739,
    "州": 0.010546032676985739,
    "存ずる": 0.010546032676985739,
    "広がる": 0.010546032676985739,
    "医者": 0.010546032676985739,
    "当時": 0.010546032676985739,
    "ロンドン": 0.010546032676985739,
    "変わる": 0.010546032676985739,
    "警察": 0.010546032676985739,
    "姿": 0.010546032676985739,
    "怒る": 0.010546032676985739,
    "の": 0.009626473343206605,
    "とる": 0.009560820100096078,
    "人間": 0.009560820100096078,
    "ヘレン": 0.009560820100096078,
    "父親": 0.009560820100096078,
    "古い": 0.009560820100096078,
    "結果": 0.009560820100096078,
    "残る": 0.009560820100096078,
    "まいる": 0.009560820100096078,
    "相手": 0.009560820100096078,
    "依頼": 0.008796629855869332,
    "恐怖": 0.008796629855869332,
    "よい": 0.008796629855869332,
    "起こる": 0.008796629855869332,
    "結構だ": 0.008796629855869332,
    "引く": 0.008796629855869332,
    "ひどい": 0.008796629855869332,
    "ホームズ": 0.008449416788914418,
    "身": 0.00817224096273935,
    "来る": 0.00817224096273935,
    "強い": 0.00817224096273935,
    "しれる": 0.0076443276756596994,
    "出す": 0.0076443276756596994,
    "申す": 0.0076443276756596994,
    "参る": 0.0076443276756596994,
    "あいだ": 0.0076443276756596994,
    "帰る": 0.0076443276756596994,
    "亡くなる": 0.0076443276756596994,
    "考える": 0.007187028385849691,
    "見える": 0.007187028385849691,
    "つける": 0.006783661825382623,
    "入る": 0.006422838141622944,
    "姉": 0.005270535961413311,
    "ない": 0.005270535961413311
}