{
    "長い": 0.06041251547138964,
    "ひも": 0.06041251547138964,
    "つく": 0.05650996661500335,
    "異様だ": 0.052886757346176524,
    "光景": 0.052886757346176524,
    "奪う": 0.052886757346176524,
    "半分": 0.052886757346176524,
    "角灯": 0.052886757346176524,
    "ランタン": 0.052886757346176524,
    "流れ出る": 0.052886757346176524,
    "ねずみ色": 0.052886757346176524,
    "着": 0.052886757346176524,
    "ドレッシング": 0.052886757346176524,
    "ガウン": 0.052886757346176524,
    "つきだす": 0.052886757346176524,
    "素足": 0.052886757346176524,
    "かかと": 0.052886757346176524,
    "赤": 0.052886757346176524,
    "トルコ": 0.052886757346176524,
    "スリッパ": 0.052886757346176524,
    "つっかける": 0.052886757346176524,
    "短い": 0.052886757346176524,
    "柄": 0.052886757346176524,
    "上向き": 0.052886757346176524,
    "額": 0.052886757346176524,
    "周囲": 0.052886757346176524,
    "斑": 0.052886757346176524,
    "しめる": 0.052886757346176524,
    "身動き": 0.052886757346176524,
    "つける": 0.05014757602561332,
    "卓上": 0.04411274240237975,
    "わき": 0.04411274240237975,
    "化粧": 0.04411274240237975,
    "昼間": 0.04411274240237975,
    "見開く": 0.04411274240237975,
    "天井": 0.04411274240237975,
    "にらむ": 0.04411274240237975,
    "褐色": 0.04411274240237975,
    "博士": 0.04083808792117491,
    "机": 0.03898027267949159,
    "包む": 0.03898027267949159,
    "腰": 0.03898027267949159,
    "膝": 0.03898027267949159,
    "隅": 0.03898027267949159,
    "黄色い": 0.03898027267949159,
    "状": 0.03898027267949159,
    "ない": 0.038961936727409795,
    "ある": 0.03558139514197885,
    "開ける": 0.03533872745858297,
    "あご": 0.03533872745858297,
    "妙だ": 0.03533872745858297,
    "きつい": 0.03533872745858297,
    "置く": 0.03251412554321323,
    "金庫": 0.03251412554321323,
    "鞭": 0.03251412554321323,
    "光": 0.03020625773569482,
    "戸": 0.03020625773569482,
    "開く": 0.03020625773569482,
    "身": 0.03020625773569482,
    "強い": 0.03020625773569482,
    "おる": 0.03020625773569482,
    "グリムズビ": 0.028254983307501674,
    "見える": 0.0265647125147862,
    "頭": 0.0265647125147862,
    "聞く": 0.0265647125147862,
    "かける": 0.02507378801280666,
    "椅子": 0.023740110599416452,
    "入る": 0.023740110599416452,
    "窓": 0.02253365262720981,
    "ロイロット": 0.021432242791898044,
    "見る": 0.020419043960587455,
    "部屋": 0.01702329729483202
}