{
    "姉": 0.16031213549298823,
    "敷地": 0.14520444374116667,
    "ロマ": 0.10702566324641022,
    "思う": 0.10582169878499659,
    "ひも": 0.09942893171332878,
    "ある": 0.08784156925676027,
    "毒殺": 0.08704278813224886,
    "びっくり": 0.08704278813224886,
    "心当たり": 0.08704278813224886,
    "夢中だ": 0.08704278813224886,
    "うわ言": 0.08704278813224886,
    "水玉": 0.08704278813224886,
    "模様": 0.08704278813224886,
    "ハンカチーフ": 0.08704278813224886,
    "いる": 0.08253455220882192,
    "気の毒だ": 0.07260222187058334,
    "驚く": 0.07260222187058334,
    "ふむ": 0.07260222187058334,
    "叫ぶ": 0.07260222187058334,
    "巻く": 0.07260222187058334,
    "医者": 0.0641550321183299,
    "調べ": 0.0641550321183299,
    "原因": 0.0641550321183299,
    "激しい": 0.0641550321183299,
    "死ぬ": 0.0641550321183299,
    "まだらだ": 0.0641550321183299,
    "結果": 0.05816165560891781,
    "恐怖": 0.05351283162320511,
    "おる": 0.04971446585666439,
    "言葉": 0.04971446585666439,
    "つく": 0.04650299336026317,
    "亡くなる": 0.04650299336026317,
    "使う": 0.04650299336026317,
    "頭": 0.04372108934725229,
    "分かる": 0.04126727610441096,
    "なる": 0.029280523085586756
}