{
    "聞こえる": 0.1984127716704562,
    "吹く": 0.1548847399905778,
    "芝地": 0.11416070746283757,
    "音": 0.09327165727413822,
    "聞く": 0.09327165727413822,
    "この頃": 0.0928456406743988,
    "浅い": 0.0928456406743988,
    "覚める": 0.0928456406743988,
    "仕業": 0.0928456406743988,
    "あたし": 0.0928456406743988,
    "姉さん": 0.0928456406743988,
    "安眠": 0.0928456406743988,
    "くだらない": 0.0928456406743988,
    "つづく": 0.0928456406743988,
    "眠り": 0.0774423699952889,
    "違う": 0.0774423699952889,
    "笑う": 0.0774423699952889,
    "自室": 0.0774423699952889,
    "毎晩": 0.06843203425955191,
    "耳": 0.06843203425955191,
    "姉": 0.06839984447700831,
    "真夜": 0.062039099316179,
    "閉める": 0.062039099316179,
    "鍵": 0.062039099316179,
    "部屋": 0.05977068827963243,
    "隣": 0.05708035373141879,
    "ロマ": 0.05708035373141879,
    "戸": 0.05302876358044202,
    "低い": 0.04960319291761405,
    "しれる": 0.04960319291761405,
    "口笛": 0.04663582863706911,
    "分かる": 0.04401842784470503,
    "いる": 0.04401842784470503,
    "かける": 0.04401842784470503,
    "わたくし": 0.04167708305230889,
    "思う": 0.037625492901332123
}