{
    "事件": 0.05187580938280721,
    "ホームズ": 0.04435469127843614,
    "朝": 0.031325003593600007,
    "依頼": 0.028860853010267924,
    "お礼": 0.028166655036053565,
    "早い": 0.027680373408358078,
    "僕": 0.026707810152967096,
    "わたくし": 0.02528721893061438,
    "不思議だ": 0.0234937526952,
    "シャー": 0.02308868240821434,
    "ロック": 0.02308868240821434,
    "ある": 0.02210843990282506,
    "なる": 0.02210843990282506,
    "友人": 0.02144983695388666,
    "ない": 0.0207505146166205,
    "致す": 0.01886393068465717,
    "婦人": 0.018820850354346438,
    "今朝": 0.018820850354346438,
    "自由だ": 0.01877777002403571,
    "ハドソン": 0.01877777002403571,
    "たたき起こす": 0.01877777002403571,
    "友": 0.01877777002403571,
    "いらっしゃる": 0.01877777002403571,
    "着く": 0.01877777002403571,
    "乗る": 0.01877777002403571,
    "泥": 0.01877777002403571,
    "かける": 0.01780520676864473,
    "よい": 0.017316511806160756,
    "言う": 0.016858145953742923,
    "ワトソン": 0.016087377715414995,
    "顔": 0.016087377715414995,
    "いう": 0.016001425236400676,
    "調査": 0.015662501796800003,
    "かかわる": 0.015662501796800003,
    "約束": 0.015662501796800003,
    "気の毒だ": 0.015662501796800003,
    "若い": 0.015662501796800003,
    "女性": 0.015662501796800003,
    "二輪": 0.015662501796800003,
    "思い出す": 0.015662501796800003,
    "助ける": 0.015662501796800003,
    "つく": 0.015048159649163813,
    "考える": 0.014147948013492877,
    "声": 0.014147948013492877,
    "眠る": 0.013840186704179039,
    "暖炉": 0.013840186704179039,
    "居間": 0.013840186704179039,
    "服": 0.013840186704179039,
    "ふるえる": 0.013840186704179039,
    "駅": 0.013840186704179039,
    "できる": 0.01264360946530719,
    "の": 0.012633394230185748,
    "深い": 0.012547233569564293,
    "ございます": 0.012547233569564293,
    "君": 0.01154434120410717,
    "わかる": 0.01154434120410717,
    "馬車": 0.01154434120410717,
    "いただく": 0.01154434120410717,
    "死": 0.01072491847694333,
    "込む": 0.01072491847694333,
    "ほど": 0.01072491847694333,
    "身": 0.01072491847694333,
    "くださる": 0.01072491847694333,
    "立つ": 0.010032106432775877,
    "同じだ": 0.010032106432775877,
    "あいだ": 0.010032106432775877,
    "覚え書き": 0.009388885012017855,
    "七〇": 0.009388885012017855,
    "通ずる": 0.009388885012017855,
    "手際": 0.009388885012017855,
    "喜劇": 0.009388885012017855,
    "大半": 0.009388885012017855,
    "変哲": 0.009388885012017855,
    "一蹴": 0.009388885012017855,
    "途方": 0.009388885012017855,
    "様々だ": 0.009388885012017855,
    "奇怪だ": 0.009388885012017855,
    "きわまる": 0.009388885012017855,
    "有名だ": 0.009388885012017855,
    "くだん": 0.009388885012017855,
    "ベイカ": 0.009388885012017855,
    "街": 0.009388885012017855,
    "下宿": 0.009388885012017855,
    "共用": 0.009388885012017855,
    "公表": 0.009388885012017855,
    "口外": 0.009388885012017855,
    "先日": 0.009388885012017855,
    "白日": 0.009388885012017855,
    "さらす": 0.009388885012017855,
    "理由": 0.009388885012017855,
    "風聞": 0.009388885012017855,
    "真実だ": 0.009388885012017855,
    "しく": 0.009388885012017855,
    "ねじ曲げる": 0.009388885012017855,
    "八三": 0.009388885012017855,
    "初め": 0.009388885012017855,
    "身支度": 0.009388885012017855,
    "調える": 0.009388885012017855,
    "枕元": 0.009388885012017855,
    "普段": 0.009388885012017855,
    "置き": 0.009388885012017855,
    "一五": 0.009388885012017855,
    "ぱち": 0.009388885012017855,
    "くり": 0.009388885012017855,
    "機嫌": 0.009388885012017855,
    "具合": 0.009388885012017855,
    "やってくる": 0.009388885012017855,
    "僕は君": 0.009388885012017855,
    "火事": 0.009388885012017855,
    "興奮": 0.009388885012017855,
    "面会": 0.009388885012017855,
    "都会": 0.009388885012017855,
    "ほる": 0.009388885012017855,
    "差し迫る": 0.009388885012017855,
    "本当だ": 0.009388885012017855,
    "逃す": 0.009388885012017855,
    "立ち会う": 0.009388885012017855,
    "楽しみ": 0.009388885012017855,
    "迅速だ": 0.009388885012017855,
    "当てずっぽうだ": 0.009388885012017855,
    "論拠": 0.009388885012017855,
    "のち": 0.009388885012017855,
    "厚い": 0.009388885012017855,
    "夫人": 0.009388885012017855,
    "窓際": 0.009388885012017855,
    "朗らかだ": 0.009388885012017855,
    "助手": 0.009388885012017855,
    "おっと": 0.009388885012017855,
    "熱い": 0.009388885012017855,
    "コーヒー": 0.009388885012017855,
    "こわい": 0.009388885012017855,
    "おそろしい": 0.009388885012017855,
    "あげる": 0.009388885012017855,
    "きる": 0.009388885012017855,
    "やつれる": 0.009388885012017855,
    "血の気": 0.009388885012017855,
    "およぐ": 0.009388885012017855,
    "狙う": 0.009388885012017855,
    "獲物": 0.009388885012017855,
    "顔つき": 0.009388885012017855,
    "体つき": 0.009388885012017855,
    "三十": 0.009388885012017855,
    "まじる": 0.009388885012017855,
    "憔悴": 0.009388885012017855,
    "見てとれる": 0.009388885012017855,
    "やさしい": 0.009388885012017855,
    "乗り出す": 0.009388885012017855,
    "解決": 0.009388885012017855,
    "手袋": 0.009388885012017855,
    "復路": 0.009388885012017855,
    "切符": 0.009388885012017855,
    "出立": 0.009388885012017855,
    "ぬかるむ": 0.009388885012017855,
    "ほほえむ": 0.009388885012017855,
    "上着": 0.009388885012017855,
    "左袖": 0.009388885012017855,
    "跳ね": 0.009388885012017855,
    "揚げる": 0.009388885012017855,
    "乗り物": 0.009388885012017855,
    "おっしゃる": 0.009388885012017855,
    "二〇": 0.009388885012017855,
    "始発": 0.009388885012017855,
    "耐える": 0.009388885012017855,
    "おかしい": 0.009388885012017855,
    "頼れる": 0.009388885012017855,
    "心配": 0.009388885012017855,
    "ファリントッシュ": 0.009388885012017855,
    "うかがう": 0.009388885012017855,
    "住所": 0.009388885012017855,
    "取り巻く": 0.009388885012017855,
    "十分だ": 0.009388885012017855,
    "相応だ": 0.009388885012017855,
    "錠": 0.009388885012017855,
    "取り出す": 0.009388885012017855,
    "めくる": 0.009388885012017855,
    "ファリン": 0.009388885012017855,
    "トッシュ": 0.009388885012017855,
    "オパール": 0.009388885012017855,
    "髪飾": 0.009388885012017855,
    "知り合う": 0.009388885012017855,
    "断言": 0.009388885012017855,
    "最大だ": 0.009388885012017855,
    "限": 0.009388885012017855,
    "助力": 0.009388885012017855,
    "報酬": 0.009388885012017855,
    "支払う": 0.009388885012017855,
    "つける": 0.008902603384322366,
    "椅子": 0.008429072976871461,
    "悲劇": 0.007831250898400002,
    "普通だ": 0.007831250898400002,
    "好きだ": 0.007831250898400002,
    "得る": 0.007831250898400002,
    "付き合う": 0.007831250898400002,
    "交わす": 0.007831250898400002,
    "迎える": 0.007831250898400002,
    "覚ます": 0.007831250898400002,
    "遅い": 0.007831250898400002,
    "時計": 0.007831250898400002,
    "何ごと": 0.007831250898400002,
    "向く": 0.007831250898400002,
    "起きる": 0.007831250898400002,
    "事情": 0.007831250898400002,
    "面白い": 0.007831250898400002,
    "決める": 0.007831250898400002,
    "驚く": 0.007831250898400002,
    "思える": 0.007831250898400002,
    "問題": 0.007831250898400002,
    "解き明かす": 0.007831250898400002,
    "挨拶": 0.007831250898400002,
    "同様だ": 0.007831250898400002,
    "利く": 0.007831250898400002,
    "いかがだ": 0.007831250898400002,
    "寒い": 0.007831250898400002,
    "動揺": 0.007831250898400002,
    "向ける": 0.007831250898400002,
    "差し上げる": 0.007831250898400002,
    "通る": 0.007831250898400002,
    "限る": 0.007831250898400002,
    "ウォータルー": 0.007831250898400002,
    "なれる": 0.007831250898400002,
    "金額": 0.007831250898400002,
    "任せる": 0.007831250898400002,
    "役立つ": 0.007831250898400002,
    "ロイロット": 0.007609650249707621,
    "見る": 0.0072499077433097045,
    "博士": 0.0072499077433097045,
    "変わる": 0.006920093352089519,
    "仕事": 0.006920093352089519,
    "受ける": 0.006920093352089519,
    "サリィ": 0.006920093352089519,
    "州": 0.006920093352089519,
    "住む": 0.006920093352089519,
    "始める": 0.006920093352089519,
    "当時": 0.006920093352089519,
    "広がる": 0.006920093352089519,
    "悪い": 0.006920093352089519,
    "他人": 0.006920093352089519,
    "心": 0.006920093352089519,
    "推理": 0.006920093352089519,
    "大急ぎだ": 0.006920093352089519,
    "一緒だ": 0.006920093352089519,
    "黒い": 0.006920093352089519,
    "包む": 0.006920093352089519,
    "寄せる": 0.006920093352089519,
    "白い": 0.006920093352089519,