{
    "姉": 0.11163705186661976,
    "わたくし": 0.0777396367815088,
    "廊下": 0.0665444538319649,
    "父": 0.05782755651017182,
    "鍵": 0.043395224910280646,
    "扉": 0.043395224910280646,
    "眠れる": 0.03611302227759586,
    "嵐": 0.03611302227759586,
    "駆ける": 0.03611302227759586,
    "聞こえる": 0.03469653390610309,
    "音": 0.03262091640416751,
    "声": 0.03262091640416751,
    "激しい": 0.03191131131274441,
    "息": 0.03191131131274441,
    "出る": 0.027670858407506348,
    "恐ろしい": 0.02661778153278596,
    "ひも": 0.024728438975335658,
    "戻る": 0.024728438975335658,
    "申す": 0.02313102260406873,
    "出す": 0.02313102260406873,
    "飼う": 0.02164794730750231,
    "胸騒ぎ": 0.02164794730750231,
    "ご存じ": 0.02164794730750231,
    "魂": 0.02164794730750231,
    "お互い": 0.02164794730750231,
    "ものすごい": 0.02164794730750231,
    "敏感だ": 0.02164794730750231,
    "晩": 0.02164794730750231,
    "うなり": 0.02164794730750231,
    "雨": 0.02164794730750231,
    "絹": 0.02164794730750231,
    "裂く": 0.02164794730750231,
    "抜け": 0.02164794730750231,
    "掛": 0.02164794730750231,
    "巻き付く": 0.02164794730750231,
    "一声": 0.02164794730750231,
    "金物": 0.02164794730750231,
    "堕ちる": 0.02164794730750231,
    "浴びる": 0.02164794730750231,
    "すがる": 0.02164794730750231,
    "手つき": 0.02164794730750231,
    "千鳥足": 0.02164794730750231,
    "両腕": 0.02164794730750231,
    "抱く": 0.02164794730750231,
    "とめる": 0.02164794730750231,
    "足": 0.02164794730750231,
    "倒れる": 0.02164794730750231,
    "痛む": 0.02164794730750231,
    "もだえ": 0.02164794730750231,
    "手足": 0.02164794730750231,
    "震わせる": 0.02164794730750231,
    "中腰": 0.02164794730750231,
    "絞り出す": 0.02164794730750231,
    "突き刺す": 0.02164794730750231,
    "指す": 0.02164794730750231,
    "全身": 0.02164794730750231,
    "ひく": 0.02164794730750231,
    "つけ": 0.02164794730750231,
    "物": 0.02164794730750231,
    "引っかける": 0.02164794730750231,
    "ブランデイ": 0.02164794730750231,
    "つぎ込む": 0.02164794730750231,
    "施し": 0.02164794730750231,
    "意識": 0.02164794730750231,
    "愛する": 0.02164794730750231,
    "部屋": 0.020904256263602015,
    "かける": 0.02052672801048421,
    "言う": 0.0194349091953772,
    "双子": 0.01805651113879793,
    "間違う": 0.01805651113879793,
    "起きる": 0.01805651113879793,
    "飛び出す": 0.01805651113879793,
    "怖い": 0.01805651113879793,
    "戸口": 0.01805651113879793,
    "現れる": 0.01805651113879793,
    "真っ青だ": 0.01805651113879793,
    "駆け寄る": 0.01805651113879793,
    "忘れる": 0.01805651113879793,
    "助ける": 0.01805651113879793,
    "上げる": 0.01805651113879793,
    "出会う": 0.01805651113879793,
    "失う": 0.01805651113879793,
    "迎える": 0.01805651113879793,
    "引き取る": 0.01805651113879793,
    "思う": 0.017545566637926897,
    "答える": 0.015955655656372206,
    "毎晩": 0.015955655656372206,
    "安心": 0.015955655656372206,
    "鳴る": 0.015955655656372206,
    "続く": 0.015955655656372206,
    "重い": 0.015955655656372206,
    "外す": 0.015955655656372206,
    "呑む": 0.015955655656372206,
    "進む": 0.015955655656372206,
    "身体": 0.015955655656372206,
    "抜ける": 0.015955655656372206,
    "まだらだ": 0.015955655656372206,
    "指": 0.015955655656372206,
    "一緒だ": 0.015955655656372206,
    "医師": 0.015955655656372206,
    "ない": 0.01594815026665997,
    "豹": 0.01446507497009355,
    "ヒヒ": 0.01446507497009355,
    "結ぶ": 0.01446507497009355,
    "感じる": 0.01446507497009355,
    "肩": 0.01446507497009355,
    "開ける": 0.01446507497009355,
    "いたす": 0.01446507497009355,
    "願い": 0.01446507497009355,
    "ヘレン": 0.01446507497009355,
    "高い": 0.01446507497009355,
    "言える": 0.01446507497009355,
    "呼ぶ": 0.01446507497009355,
    "最期": 0.01446507497009355,
    "ふた": 0.01330889076639298,
    "叩く": 0.01330889076639298,
    "恐怖": 0.01330889076639298,
    "ひどい": 0.01330889076639298,
    "起こる": 0.01330889076639298,
    "くださる": 0.012364219487667829,
    "強い": 0.012364219487667829,
    "風": 0.012364219487667829,
    "開く": 0.012364219487667829,
    "ランプ": 0.012364219487667829,
    "光": 0.012364219487667829,
    "顔": 0.012364219487667829,
    "身": 0.012364219487667829,
    "低い": 0.011565511302034365,
    "夜": 0.010873638801389172,
    "口笛": 0.010873638801389172,
    "致す": 0.010873638801389172,
    "分かる": 0.010263364005242104,
    "いう": 0.009223619469168783,
    "窓": 0.009223619469168783,
    "の": 0.00728220263268479,
    "なる": 0.00728220263268479,
    "ホームズ": 0.006391786793686555
}