{
    "部屋": 0.06676513052512133,
    "隅": 0.06552003280169863,
    "閂": 0.059263174898552415,
    "一方": 0.059263174898552415,
    "ふむ": 0.04943129999699291,
    "調べる": 0.04465132529081085,
    "嬢": 0.04368002186779909,
    "ある": 0.039871350584628776,
    "ホームズ": 0.03499616599096468,
    "見る": 0.034321371763540616,
    "鎧戸": 0.033848146966239584,
    "込む": 0.033848146966239584,
    "風": 0.033848146966239584,
    "指示": 0.029631587449276207,
    "従う": 0.029631587449276207,
    "無理だ": 0.029631587449276207,
    "こじ開ける": 0.029631587449276207,
    "尽くす": 0.029631587449276207,
    "はずす": 0.029631587449276207,
    "ナイフ": 0.029631587449276207,
    "刃": 0.029631587449276207,
    "差す": 0.029631587449276207,
    "蝶番": 0.029631587449276207,
    "頑丈だ": 0.029631587449276207,
    "固い": 0.029631587449276207,
    "石壁": 0.029631587449276207,
    "埋める": 0.029631587449276207,
    "さする": 0.029631587449276207,
    "理論": 0.029631587449276207,
    "まずい": 0.029631587449276207,
    "手がかり": 0.029631587449276207,
    "押す": 0.029631587449276207,
    "白壁": 0.029631587449276207,
    "茶色": 0.029631587449276207,
    "箪笥": 0.029631587449276207,
    "掛け": 0.029631587449276207,
    "かぶせる": 0.029631587449276207,
    "籐だ": 0.029631587449276207,
    "加える": 0.029631587449276207,
    "高級だ": 0.029631587449276207,
    "ウィルトン": 0.029631587449276207,
    "絨毯": 0.029631587449276207,
    "敷く": 0.029631587449276207,
    "虫": 0.029631587449276207,
    "食う": 0.029631587449276207,
    "樫": 0.029631587449276207,
    "材": 0.029631587449276207,
    "色あせ": 0.029631587449276207,
    "以来": 0.029631587449276207,
    "しずかだ": 0.029631587449276207,
    "上下": 0.029631587449276207,
    "ストーナ": 0.026602393437643968,
    "椅子": 0.026602393437643968,
    "窓": 0.025250475993610993,
    "念入りだ": 0.024715649998496455,
    "いく": 0.024715649998496455,
    "隙間": 0.024715649998496455,
    "鉄製": 0.024715649998496455,
    "困る": 0.024715649998496455,
    "内部": 0.024715649998496455,
    "並ぶ": 0.024715649998496455,
    "遂げる": 0.024715649998496455,
    "質素だ": 0.024715649998496455,
    "天井": 0.024715649998496455,
    "田舎": 0.024715649998496455,
    "化粧": 0.024715649998496455,
    "家具": 0.024715649998496455,
    "中央": 0.024715649998496455,
    "褐色": 0.024715649998496455,
    "建物": 0.024715649998496455,
    "左右": 0.024715649998496455,
    "隅々": 0.024715649998496455,
    "うまい": 0.021840010933899544,
    "拡大": 0.021840010933899544,
    "鏡": 0.021840010933899544,
    "かかる": 0.021840010933899544,
    "通れる": 0.021840010933899544,
    "横": 0.021840010933899544,
    "向かう": 0.021840010933899544,
    "暖炉": 0.021840010933899544,
    "白い": 0.021840010933899544,
    "違いない": 0.021840010933899544,
    "腰": 0.021840010933899544,
    "やる": 0.021840010933899544,
    "ない": 0.021829737599045204,
    "あご": 0.019799712547716702,
    "最期": 0.019799712547716702,
    "小さい": 0.019799712547716702,
    "大きい": 0.019799712547716702,
    "古い": 0.019799712547716702,
    "下ろす": 0.019799712547716702,
    "廊下": 0.01821713416960174,
    "屋敷": 0.01821713416960174,
    "置く": 0.01821713416960174,
    "引く": 0.01821713416960174,
    "回す": 0.01821713416960174,
    "開く": 0.016924073483119792,
    "戸": 0.016924073483119792,
    "床": 0.016924073483119792,
    "出す": 0.015830806250302358,
    "使う": 0.015830806250302358,
    "低い": 0.015830806250302358,
    "事件": 0.01488377509693695,
    "寝室": 0.01488377509693695,
    "壁": 0.01488377509693695,
    "僕": 0.01404843441852288,
    "寝台": 0.01404843441852288,
    "できる": 0.013301196718821984,
    "いう": 0.012625237996805497,
    "出る": 0.012625237996805497,
    "姉": 0.010914868799522602,
    "の": 0.009967837646157194
}