{
    "父": 0.08267198819602341,
    "わたくし": 0.06946180508718147,
    "ただいま": 0.0663183147674277,
    "姉": 0.048857031769291646,
    "ございます": 0.04431364236869928,
    "許す": 0.0442122098449518,
    "暮らし": 0.0442122098449518,
    "婚約": 0.0442122098449518,
    "屋敷": 0.0407716812367277,
    "なる": 0.037181616616618104,
    "動物": 0.03687731904537566,
    "ジュリア": 0.03687731904537566,
    "寝室": 0.03331130616933508,
    "話す": 0.032586682980739,
    "いう": 0.028256485040469445,
    "恐ろしい": 0.027181120824485133,
    "同じだ": 0.02362056805600669,
    "つく": 0.02362056805600669,
    "の": 0.022308969969970862,
    "先週": 0.0221061049224759,
    "鍛冶": 0.0221061049224759,
    "橋": 0.0221061049224759,
    "欄干": 0.0221061049224759,
    "川": 0.0221061049224759,
    "突き落とす": 0.0221061049224759,
    "訴える": 0.0221061049224759,
    "かき集める": 0.0221061049224759,
    "勘弁": 0.0221061049224759,
    "友だち": 0.0221061049224759,
    "漂泊": 0.0221061049224759,
    "一団": 0.0221061049224759,
    "茨": 0.0221061049224759,
    "茂る": 0.0221061049224759,
    "野宿": 0.0221061049224759,
    "交換": 0.0221061049224759,
    "条件": 0.0221061049224759,
    "寝泊まり": 0.0221061049224759,
    "同行": 0.0221061049224759,
    "処々": 0.0221061049224759,
    "方々": 0.0221061049224759,
    "産": 0.0221061049224759,
    "買い入れる": 0.0221061049224759,
    "放し飼い": 0.0221061049224759,
    "かわいそうだ": 0.0221061049224759,
    "楽しい": 0.0221061049224759,
    "召使い": 0.0221061049224759,
    "看る": 0.0221061049224759,
    "享年": 0.0221061049224759,
    "三〇": 0.0221061049224759,
    "白髪": 0.0221061049224759,
    "亡くなり": 0.0221061049224759,
    "想像": 0.0221061049224759,
    "世代": 0.0221061049224759,
    "付き合い": 0.0221061049224759,
    "難しい": 0.0221061049224759,
    "妹": 0.0221061049224759,
    "当たる": 0.0221061049224759,
    "ホノーリア": 0.0221061049224759,
    "ウェスト": 0.0221061049224759,
    "ファイル": 0.0221061049224759,
    "訪ねる": 0.0221061049224759,
    "クリスマス": 0.0221061049224759,
    "休職": 0.0221061049224759,
    "海軍": 0.0221061049224759,
    "少佐": 0.0221061049224759,
    "運び": 0.0221061049224759,
    "文句": 0.0221061049224759,
    "日取り": 0.0221061049224759,
    "たつ": 0.0221061049224759,
    "押しつける": 0.0221061049224759,
    "細目": 0.0221061049224759,
    "願": 0.0221061049224759,
    "わく": 0.0221061049224759,
    "記憶": 0.0221061049224759,
    "焼き付く": 0.0221061049224759,
    "申しあげる": 0.0221061049224759,
    "中程": 0.0221061049224759,
    "行き来": 0.0221061049224759,
    "地所": 0.01843865952268783,
    "土地": 0.01843865952268783,
    "好きだ": 0.01843865952268783,
    "現地": 0.01843865952268783,
    "村人": 0.01843865952268783,
    "怖い": 0.01843865952268783,
    "姉妹": 0.01843865952268783,
    "髪": 0.01843865952268783,
    "存じる": 0.01843865952268783,
    "身分": 0.01843865952268783,
    "母": 0.01843865952268783,
    "叔母": 0.01843865952268783,
    "出会う": 0.01843865952268783,
    "失う": 0.01843865952268783,
    "閉じる": 0.01843865952268783,
    "詳しい": 0.01843865952268783,
    "隅々": 0.01843865952268783,
    "入り口": 0.01843865952268783,
    "並ぶ": 0.01843865952268783,
    "問題": 0.01843865952268783,
    "ロイロット": 0.017916901381586723,
    "原因": 0.0162933414903695,
    "存ずる": 0.0162933414903695,
    "ハロウ": 0.0162933414903695,
    "住む": 0.0162933414903695,
    "背": 0.0162933414903695,
    "棟": 0.0162933414903695,
    "居間": 0.0162933414903695,
    "残る": 0.014771214122899761,
    "よる": 0.014771214122899761,
    "回る": 0.014771214122899761,
    "豹": 0.014771214122899761,
    "ヒヒ": 0.014771214122899761,
    "まいる": 0.014771214122899761,
    "知る": 0.014771214122899761,
    "開ける": 0.014771214122899761,
    "古い": 0.014771214122899761,
    "よろしい": 0.014771214122899761,
    "いただく": 0.013590560412242566,
    "ロマ": 0.013590560412242566,
    "よい": 0.013590560412242566,
    "インド": 0.013590560412242566,
    "わかる": 0.013590560412242566,
    "シャー": 0.013590560412242566,
    "ロック": 0.013590560412242566,
    "依頼": 0.013590560412242566,
    "隣": 0.013590560412242566,
    "廊下": 0.013590560412242566,
    "説明": 0.013590560412242566,
    "ほど": 0.012625896090581432,
    "おる": 0.012625896090581432,
    "長い": 0.012625896090581432,
    "死": 0.012625896090581432,
    "出す": 0.011810284028003345,
    "参る": 0.011810284028003345,
    "申す": 0.011810284028003345,
    "使う": 0.011810284028003345,
    "事件": 0.011103768723111692,
    "頭": 0.011103768723111692,
    "致す": 0.011103768723111692,
    "言う": 0.009923115012454495,
    "椅子": 0.009923115012454495,
    "できる": 0.009923115012454495,
    "出る": 0.009418828346823147,
    "見る": 0.00853494430098629,
    "ある": 0.00743632332332362,
    "部屋": 0.0071155581285276695,
    "ホームズ": 0.006527062704664048
}