{
    "老": 0.03673014356349842,
    "わし": 0.03673014356349842,
    "ホームズ": 0.027112414311681432,
    "医師": 0.027072013553229326,
    "棒": 0.027072013553229326,
    "笑う": 0.022977406482118684,
    "掻き": 0.022977406482118684,
    "つける": 0.02176735442870029,
    "ある": 0.02162254012474099,
    "友人": 0.02097841196588915,
    "黒い": 0.020304010164921994,
    "返す": 0.020304010164921994,
    "暖炉": 0.020304010164921994,
    "娘": 0.020304010164921994,
    "いう": 0.019562181951094233,
    "思う": 0.018606012973186214,
    "婦人": 0.01840720529161355,
    "知る": 0.01840720529161355,
    "とる": 0.01840720529161355,
    "手首": 0.01836507178174921,
    "今日": 0.01836507178174921,
    "朝食": 0.01836507178174921,
    "悲惨だ": 0.01836507178174921,
    "死に際": 0.01836507178174921,
    "謎": 0.01836507178174921,
    "しゃべる": 0.01836507178174921,
    "役人": 0.01836507178174921,
    "僕": 0.01741388354296023,
    "ふた": 0.016935929129102276,
    "顔": 0.01573380897441686,
    "長い": 0.01573380897441686,
    "ワトソン": 0.01573380897441686,
    "行く": 0.01573380897441686,
    "出る": 0.015649745560875384,
    "の": 0.015444671517672138,
    "なる": 0.015444671517672138,
    "取る": 0.015318270988079122,
    "いかがだ": 0.015318270988079122,
    "存じる": 0.015318270988079122,
    "先生": 0.015318270988079122,
    "暗い": 0.015318270988079122,
    "入り口": 0.015318270988079122,
    "寒い": 0.015318270988079122,
    "上げる": 0.015318270988079122,
    "ストーク": 0.014717430865665708,
    "モラン": 0.014717430865665708,
    "出す": 0.014717430865665708,
    "ロンドン": 0.013536006776614663,
    "振る": 0.013536006776614663,
    "ない": 0.013529639566880764,
    "言う": 0.012365727938597143,
    "高い": 0.012271470194409034,
    "いい": 0.012271470194409034,
    "依頼": 0.011290619419401517,
    "静かだ": 0.011290619419401517,
    "ロマ": 0.011290619419401517,
    "説明": 0.011290619419401517,
    "よい": 0.011290619419401517,
    "鞭": 0.011290619419401517,
    "開く": 0.010489205982944574,
    "待つ": 0.010489205982944574,
    "言葉": 0.010489205982944574,
    "風": 0.010489205982944574,
    "来る": 0.010489205982944574,
    "参る": 0.009811620577110472,
    "帰る": 0.009811620577110472,
    "口笛": 0.009224669400738945,
    "考える": 0.009224669400738945,
    "聞く": 0.009224669400738945,
    "穴": 0.009224669400738945,
    "代わり": 0.009182535890874605,
    "レース": 0.009182535890874605,
    "袖口": 0.009182535890874605,
    "つまむ": 0.009182535890874605,
    "五本": 0.009182535890874605,
    "赤らめる": 0.009182535890874605,
    "痣": 0.009182535890874605,
    "加減": 0.009182535890874605,
    "沈黙": 0.009182535890874605,
    "乗せる": 0.009182535890874605,
    "燃えさかる": 0.009182535890874605,
    "山": 0.009182535890874605,
    "一刻": 0.009182535890874605,
    "猶予": 0.009182535890874605,
    "出向く": 0.009182535890874605,
    "大事だ": 0.009182535890874605,
    "日中": 0.009182535890874605,
    "留守": 0.009182535890874605,
    "耄碌": 0.009182535890874605,
    "お婆": 0.009182535890874605,
    "訳ない": 0.009182535890874605,
    "好都合だ": 0.009182535890874605,
    "出かける": 0.009182535890874605,
    "異存": 0.009182535890874605,
    "異議": 0.009182535890874605,
    "済ませる": 0.009182535890874605,
    "来訪": 0.009182535890874605,
    "間に合う": 0.009182535890874605,
    "昼": 0.009182535890874605,
    "伺う": 0.009182535890874605,
    "片づける": 0.009182535890874605,
    "悩み": 0.009182535890874605,
    "打ち明ける": 0.009182535890874605,
    "午後": 0.009182535890874605,
    "お目にかかる": 0.009182535890874605,
    "退室": 0.009182535890874605,
    "もつ": 0.009182535890874605,
    "異常だ": 0.009182535890874605,
    "不可解だ": 0.009182535890874605,
    "もたらす": 0.009182535890874605,
    "親密だ": 0.009182535890874605,
    "存在": 0.009182535890874605,
    "得だ": 0.009182535890874605,
    "もっともだ": 0.009182535890874605,
    "価値": 0.009182535890874605,
    "致命": 0.009182535890874605,
    "可能だ": 0.009182535890874605,
    "確かめる": 0.009182535890874605,
    "立ちはだかる": 0.009182535890874605,
    "服装": 0.009182535890874605,
    "学者": 0.009182535890874605,
    "農園": 0.009182535890874605,
    "主": 0.009182535890874605,
    "変だ": 0.009182535890874605,
    "混ざる": 0.009182535890874605,
    "トップ": 0.009182535890874605,
    "ハット": 0.009182535890874605,
    "フロック": 0.009182535890874605,
    "コート": 0.009182535890874605,
    "ゲートル": 0.009182535890874605,
    "格好だ": 0.009182535890874605,
    "狩猟": 0.009182535890874605,
    "鴨居": 0.009182535890874605,
    "すれすれだ": 0.009182535890874605,
    "幅": 0.009182535890874605,
    "ぎりぎりだ": 0.009182535890874605,
    "皺": 0.009182535890874605,
    "焼ける": 0.009182535890874605,
    "鬼": 0.009182535890874605,
    "形相": 0.009182535890874605,
    "くぼむ": 0.009182535890874605,
    "眼": 0.009182535890874605,
    "肉": 0.009182535890874605,
    "薄い": 0.009182535890874605,
    "鼻": 0.009182535890874605,
    "凶暴だ": 0.009182535890874605,
    "猛禽": 0.009182535890874605,
    "名乗る": 0.009182535890874605,
    "問う": 0.009182535890874605,
    "おだやかだ": 0.009182535890874605,
    "切る": 0.009182535890874605,
    "断り": 0.009182535890874605,
    "お前": 0.009182535890874605,
    "今年": 0.009182535890874605,
    "烈火": 0.009182535890874605,
    "麦": 0.009182535890874605,
    "出来": 0.009182535890874605,
    "動じる": 0.009182535890874605,
    "はぐらかす": 0.009182535890874605,
    "おう": 0.009182535890874605,
    "闖入者": 0.009182535890874605,
    "踏みだす": 0.009182535890874605,
    "ふるわす": 0.009182535890874605,
    "クソガキ": 0.009182535890874605,
    "貴い": 0.009182535890874605,
    "職": 0.009182535890874605,
    "お節介だ": 0.009182535890874605,
    "こり": 0.009182535890874605,
    "ば": 0.009182535890874605,
    "り": 0.009182535890874605,
    "満面": 0.009182535890874605,
    "笑み": 0.009182535890874605,
    "浮かべる": 0.009182535890874605,
    "スコットランド": 0.009182535890874605,
    "ヤード": 0.009182535890874605,
    "冗談": 0.009182535890874605,
    "傑作だ": 0.009182535890874605,
    "戸締まり": 0.009182535890874605,
    "すきま": 0.009182535890874605,
    "済む": 0.009182535890874605,
    "つっこむ": 0.009182535890874605,
    "後悔": 0.009182535890874605,
    "折り曲げる": 0.009182535890874605,
    "こる": 0.009182535890874605,
    "吠える": 0.009182535890874605,
    "曲がる": 0.009182535890874605,
    "放る": 0.009182535890874605,
    "大手": 0.009182535890874605,
    "愛嬌": 0.009182535890874605,
    "弱い": 0.009182535890874605,
    "披露": 0.009182535890874605,
    "ぐい": 0.009182535890874605,
    "まっすぐだ": 0.009182535890874605,
    "仁": 0.009182535890874605,
    "警視": 0.009182535890874605,
    "庁": 0.009182535890874605,
    "混同": 0.009182535890874605,
    "暴挙": 0.009182535890874605,
    "出来事": 0.009182535890874605,
    "薬味": 0.009182535890874605,
    "獣": 0.009182535890874605,
    "会館": 0.009182535890874605,
    "資料": 0.009182535890874605,
    "ストーナ": 0.008243818625731428,
    "返事": 0.007659135494039561,
    "折る": 0.007659135494039561,
    "残す": 0.007659135494039561,
    "袖": 0.007659135494039561,
    "隠す": 0.007659135494039561,
    "両手": 0.007659135494039561,
    "事情": 0.007659135494039561,
    "決める": 0.007659135494039561,
    "知れる": 0.007659135494039561,
    "見せる": 0.007659135494039561,
    "大丈夫だ": 0.007659135494039561,
    "家政": 0.007659135494039561,
    "十二": 0.007659135494039561,
    "かまう": 0.007659135494039561,
    "軽い": 0.007659135494039561,
    "訊ねる": 0.007659135494039561,
    "遂げる": 0.007659135494039561,
    "間違い": 0.007659135494039561,
    "不思議だ": 0.007659135494039561,
    "合わせる": 0.007659135494039561,
    "邪魔": 0.007659135494039561,
    "属音": 0.007659135494039561,
    "解き明かす": 0.007659135494039561,
    "何ごと": 0.007659135494039561,
    "張り上げる": 0.007659135494039561,
    "帽子": 0.007659135494039561,
    "にらむ": 0.007659135494039561,
    "怒り": 0.007659135494039561,
    "燃える": 0.007659135494039561,
    "義理": 0.007659135494039561,
    "帰り": 0.007659135494039561,
    "みせる": 0.007659135494039561,
    "人物": 0.007659135494039561,
    "入れる": 0.007659135494039561,
    "伸ばす": 0.007659135494039561,
    "調査": 0.007659135494039561,
    "困る": 0.007659135494039561,
    "役立つ": 0.007659135494039561,
    "見る": 0.007090569111588611,
    "膝": 0.0067680033883073315,
    "腕": 0.0067680033883073315,
    "指": 0.0067680033883073315,