{
    "娘": 0.05573649849194273,
    "駅": 0.05573649849194273,
    "深い": 0.03789718736508672,
    "細君": 0.03781044190360132,
    "価格": 0.03781044190360132,
    "年収": 0.03781044190360132,
    "馬車": 0.03486808938344586,
    "屋敷": 0.03486808938344586,
    "ウォータルー": 0.0315376167401629,
    "木々": 0.0315376167401629,
    "指さす": 0.0315376167401629,
    "うまい": 0.027868249245971366,
    "御者": 0.027868249245971366,
    "ホームズ": 0.022327870609620003,
    "行く": 0.02159542408253295,
    "なる": 0.019078711874771462,
    "水色": 0.01890522095180066,
    "紙": 0.01890522095180066,
    "数字": 0.01890522095180066,
    "抜き書き": 0.01890522095180066,
    "書く": 0.01890522095180066,
    "正確だ": 0.01890522095180066,
    "内容": 0.01890522095180066,
    "投下": 0.01890522095180066,
    "資本": 0.01890522095180066,
    "現在": 0.01890522095180066,
    "計算": 0.01890522095180066,
    "一一〇〇": 0.01890522095180066,
    "農産物": 0.01890522095180066,
    "下落": 0.01890522095180066,
    "七五〇": 0.01890522095180066,
    "二五〇": 0.01890522095180066,
    "取れる": 0.01890522095180066,
    "嫁ぐ": 0.01890522095180066,
    "損なう": 0.01890522095180066,
    "無駄だ": 0.01890522095180066,
    "しでかす": 0.01890522095180066,
    "有力だ": 0.01890522095180066,
    "動機": 0.01890522095180066,
    "証明": 0.01890522095180066,
    "老人": 0.01890522095180066,
    "邪魔だ": 0.01890522095180066,
    "辻": 0.01890522095180066,
    "急ぐ": 0.01890522095180066,
    "エリィ": 0.01890522095180066,
    "ＮＯ．": 0.01890522095180066,
    "２": 0.01890522095180066,
    "紳士": 0.01890522095180066,
    "対抗": 0.01890522095180066,
    "歯": 0.01890522095180066,
    "ブラシ": 0.01890522095180066,
    "足りる": 0.01890522095180066,
    "捕まえる": 0.01890522095180066,
    "付き": 0.01890522095180066,
    "軽": 0.01890522095180066,
    "美しい": 0.01890522095180066,
    "揺られる": 0.01890522095180066,
    "申し分": 0.01890522095180066,
    "天気": 0.01890522095180066,
    "うららかだ": 0.01890522095180066,
    "雲": 0.01890522095180066,
    "沿道": 0.01890522095180066,
    "生け垣": 0.01890522095180066,
    "新緑": 0.01890522095180066,
    "若葉": 0.01890522095180066,
    "芽生える": 0.01890522095180066,
    "空気": 0.01890522095180066,
    "湿る": 0.01890522095180066,
    "香り": 0.01890522095180066,
    "含む": 0.01890522095180066,
    "さわやかだ": 0.01890522095180066,
    "希望": 0.01890522095180066,
    "取り組む": 0.01890522095180066,
    "対比": 0.01890522095180066,
    "腕組み": 0.01890522095180066,
    "かぶる": 0.01890522095180066,
    "胸": 0.01890522095180066,
    "沈む": 0.01890522095180066,
    "牧場": 0.01890522095180066,
    "彼方": 0.01890522095180066,
    "立木": 0.01890522095180066,
    "多い": 0.01890522095180066,
    "庭園": 0.01890522095180066,
    "緩やかだ": 0.01890522095180066,
    "丘": 0.01890522095180066,
    "沿う": 0.01890522095180066,
    "頂上": 0.01890522095180066,
    "緑": 0.01890522095180066,
    "森": 0.01890522095180066,
    "古": 0.01890522095180066,
    "破風": 0.01890522095180066,
    "のぞく": 0.01890522095180066,
    "がす": 0.01890522095180066,
    "普請": 0.01890522095180066,
    "行き先": 0.01890522095180066,
    "あす": 0.01890522095180066,
    "こが": 0.01890522095180066,
    "奥": 0.01890522095180066,
    "集落": 0.01890522095180066,
    "石段": 0.01890522095180066,
    "畑": 0.01890522095180066,
    "小道": 0.01890522095180066,
    "っしゃる": 0.01890522095180066,
    "近道": 0.01890522095180066,
    "ほん": 0.01890522095180066,
    "小手": 0.01890522095180066,
    "かざす": 0.01890522095180066,
    "いっぱいだ": 0.01576880837008145,
    "遺言": 0.01576880837008145,
    "深刻だ": 0.01576880837008145,
    "準備": 0.01576880837008145,
    "次第": 0.01576880837008145,
    "リヴォルヴァ": 0.01576880837008145,
    "懐": 0.01576880837008145,
    "忍ぶ": 0.01576880837008145,
    "ありがたい": 0.01576880837008145,
    "掻き": 0.01576880837008145,
    "折る": 0.01576880837008145,
    "頼む": 0.01576880837008145,
    "田舎": 0.01576880837008145,
    "空": 0.01576880837008145,
    "使命": 0.01576880837008145,
    "帽子": 0.01576880837008145,
    "起こす": 0.01576880837008145,
    "覆う": 0.01576880837008145,
    "灰色": 0.01576880837008145,
    "屋根": 0.01576880837008145,
    "訊ねる": 0.01576880837008145,
    "左手": 0.01576880837008145,
    "眺める": 0.01576880837008145,
    "賢明だ": 0.01576880837008145,
    "見る": 0.014598230523858906,
    "状": 0.013934124622985683,
    "死ぬ": 0.013934124622985683,
    "当時": 0.013934124622985683,
    "受ける": 0.013934124622985683,
    "仕事": 0.013934124622985683,
    "鉄": 0.013934124622985683,
    "棒": 0.013934124622985683,
    "宿屋": 0.013934124622985683,
    "サリィ": 0.013934124622985683,
    "州": 0.013934124622985683,
    "重い": 0.013934124622985683,
    "広がる": 0.013934124622985683,
    "答える": 0.013934124622985683,
    "やる": 0.013934124622985683,
    "ある": 0.012719141249847642,
    "今朝": 0.012632395788362241,
    "呼ぶ": 0.012632395788362241,
    "レザヘッド": 0.012632395788362241,
    "汽車": 0.012632395788362241,
    "妙だ": 0.012632395788362241,
    "感じる": 0.012632395788362241,
    "あご": 0.012632395788362241,
    "考え": 0.012632395788362241,
    "肩": 0.012632395788362241,
    "まえ": 0.012632395788362241,
    "高い": 0.012632395788362241,
    "歩く": 0.012632395788362241,
    "シャー": 0.011622696461148623,
    "ロック": 0.011622696461148623,
    "結婚": 0.011622696461148623,
    "ふた": 0.011622696461148623,
    "叩く": 0.011622696461148623,
    "結構だ": 0.011622696461148623,
    "君": 0.011622696461148623,
    "込む": 0.010797712041266476,
    "ほど": 0.010797712041266476,
    "ワトソン": 0.010797712041266476,
    "友人": 0.010797712041266476,
    "身": 0.010797712041266476,
    "上がる": 0.010797712041266476,
    "帰る": 0.010100197652907839,
    "持つ": 0.010100197652907839,
    "亡くなる": 0.010100197652907839,
    "つく": 0.010100197652907839,
    "あいだ": 0.010100197652907839,
    "ストーク": 0.010100197652907839,
    "モラン": 0.010100197652907839,
    "グリムズビ": 0.010100197652907839,
    "考える": 0.009495983206643032,
    "僕": 0.008963028294170708,
    "分かる": 0.008963028294170708,
    "いる": 0.008963028294170708,
    "つける": 0.008963028294170708,
    "できる": 0.008486283879429412,
    "ストーナ": 0.008486283879429412,
    "言う": 0.008486283879429412,
    "いう": 0.008055016097509391,
    "ロイロット": 0.007661299459547265,
    "博士": 0.007299115261929453,
    "ない": 0.006963785071188629,
    "の": 0.006359570624923821
}