{
    "猫": 0.2431330220782326,
    "書類": 0.19432808513246258,
    "ごらん": 0.16208868138548838,
    "皿": 0.16208868138548838,
    "豹": 0.12984927763851417,
    "金庫": 0.1194705078099463,
    "おる": 0.11099043540092515,
    "個人": 0.09716404256623129,
    "滅": 0.09716404256623129,
    "相": 0.09716404256623129,
    "満足": 0.09716404256623129,
    "増える": 0.09716404256623129,
    "部分": 0.09716404256623129,
    "ホームズ": 0.08606615240801198,
    "軽い": 0.08104434069274419,
    "みせる": 0.08104434069274419,
    "しゃがむ": 0.08104434069274419,
    "念入りだ": 0.08104434069274419,
    "牛乳": 0.07161491957394966,
    "存ずる": 0.07161491957394966,
    "背": 0.07161491957394966,
    "ない": 0.07158123259221799,
    "なさる": 0.06492463881925709,
    "下ろす": 0.06492463881925709,
    "ヒヒ": 0.06492463881925709,
    "言える": 0.06492463881925709,
    "叩く": 0.05973525390497315,
    "考える": 0.04880493694577,
    "調べる": 0.04880493694577,
    "いる": 0.04606579658166805,
    "入る": 0.043615552031486045,
    "椅子": 0.043615552031486045
}